date,hodl_1yr_pct
2013-06-18,41.771910054716535
2013-06-19,41.76396726837352
2013-06-20,41.78421945426371
2013-06-21,41.787259686542086
2013-06-22,41.78432153648978
2013-06-23,41.7850940045967
2013-06-24,41.78322326436149
2013-06-25,41.75994578754968
2013-06-26,41.76115806427144
2013-06-27,41.75806822780692
2013-06-28,41.74083416623039
2013-06-29,41.74550843336129
2013-06-30,41.72938323884378
2013-07-01,41.63497509665071
2013-07-02,41.61477907433192
2013-07-03,41.5658778463428
2013-07-04,41.58202042837317
2013-07-05,41.57093865465916
2013-07-06,41.57839468039393
2013-07-07,41.58270411192821
2013-07-08,41.60900112737988
2013-07-09,41.6032933527356
2013-07-10,41.58203450556816
2013-07-11,41.5880344713582
2013-07-12,41.67974934557384
2013-07-13,41.69537615920272
2013-07-14,41.72100084449101
2013-07-15,41.74309018272638
2013-07-16,41.74856609613984
2013-07-17,41.80537033731305
2013-07-18,41.91096213345183
2013-07-19,41.97130880200345
2013-07-20,42.04097401343074
2013-07-21,42.14974982286218
2013-07-22,42.210233877525
2013-07-23,42.21485235132544
2013-07-24,42.21257498356973
2013-07-25,42.22396336845485
2013-07-26,42.21879899750772
2013-07-27,42.23287435951312
2013-07-28,42.21852206599448
2013-07-29,42.22051080111932
2013-07-30,42.22169295397863
2013-07-31,42.19462557374538
2013-08-01,42.207510263179415
2013-08-02,42.16758832912656
2013-08-03,42.03477953917676
2013-08-04,42.03571856917138
2013-08-05,42.02712411572099
2013-08-06,42.02788579606341
2013-08-07,42.01484524126772
2013-08-08,42.00243637698248
2013-08-09,42.01682712947488
2013-08-10,42.01814581845166
2013-08-11,42.03006886847058
2013-08-12,42.15091666204756
2013-08-13,42.079265436796206
2013-08-14,42.09162086402349
2013-08-15,42.06619627900056
2013-08-16,42.0586658318531
2013-08-17,42.068816178129545
2013-08-18,42.079329062495134
2013-08-19,42.07627041785396
2013-08-20,42.069047092790335
2013-08-21,42.08173889329032
2013-08-22,42.078931795792805
2013-08-23,42.14677549528172
2013-08-24,42.1353110366221
2013-08-25,42.14270635605159
2013-08-26,42.13911527535887
2013-08-27,42.13792474014479
2013-08-28,42.1261751620891
2013-08-29,42.1178249969458
2013-08-30,42.11388266374051
2013-08-31,42.10523601431661
2013-09-01,42.08759609469774
2013-09-02,42.0568590306176
2013-09-03,42.035684763416334
2013-09-04,42.057661581656205
2013-09-05,42.059589958776286
2013-09-06,42.05306371624356
2013-09-07,42.04072483904894
2013-09-08,42.04679144270473
2013-09-09,41.97911197635409
2013-09-10,41.98040985038132
2013-09-11,41.96470626493321
2013-09-12,42.13119157209711
2013-09-13,42.2701843996857
2013-09-14,42.26401646321245
2013-09-15,42.258853760883525
2013-09-16,42.25788049303094
2013-09-17,42.32452542194912
2013-09-18,42.35623017508647
2013-09-19,42.36507673829818
2013-09-20,42.39345120549524
2013-09-21,42.4208429609919
2013-09-22,42.43464681506522
2013-09-23,42.43253646211661
2013-09-24,42.431685919081126
2013-09-25,42.41357863982181
2013-09-26,42.42382953533529
2013-09-27,42.45487996898476
2013-09-28,42.49160532669748
2013-09-29,42.496125954068766
2013-09-30,42.47933070113829
2013-10-01,42.47915214624866
2013-10-02,42.44740397279059
2013-10-03,42.44875368347479
2013-10-04,42.45644262500806
2013-10-05,42.47002528156785
2013-10-06,42.480391808020165
2013-10-07,42.44620432194749
2013-10-08,42.45426526022096
2013-10-09,42.45118964399541
2013-10-10,42.451065651293376
2013-10-11,42.50322183473764
2013-10-12,42.50045009217381
2013-10-13,42.47443488075808
2013-10-14,42.4612144706988
2013-10-15,42.47298760505992
2013-10-16,42.37925199334595
2013-10-17,42.368312981032346
2013-10-18,42.37529513015229
2013-10-19,42.34553234942485
2013-10-20,42.29906450754424
2013-10-21,41.96241510399656
2013-10-22,41.94767344026601
2013-10-23,41.91932647598288
2013-10-24,41.87696805550652
2013-10-25,41.54886432187825
2013-10-26,41.52780495670921
2013-10-27,41.4781347912378
2013-10-28,41.472841348356845
2013-10-29,41.451423460972485
2013-10-30,41.46649603628188
2013-10-31,41.467456404986216
2013-11-01,41.44674982341689
2013-11-02,41.45256173816618
2013-11-03,41.471718932350136
2013-11-04,41.463378302722845
2013-11-05,41.39634062687176
2013-11-06,41.37513338306277
2013-11-07,41.26574616858558
2013-11-08,41.246578559614335
2013-11-09,41.20825253223202
2013-11-10,41.202259090483885
2013-11-11,41.155887136364086
2013-11-12,41.06601539224178
2013-11-13,40.92744888986773
2013-11-14,40.77380197874484
2013-11-15,40.63844296112154
2013-11-16,40.502073257313896
2013-11-17,40.340222355684126
2013-11-18,40.17187123979618
2013-11-19,40.04540910229826
2013-11-20,39.945740698054685
2013-11-21,39.91088324795397
2013-11-22,39.85605430613813
2013-11-23,39.8268610014955
2013-11-24,39.74571138669111
2013-11-25,39.44207397611219
2013-11-26,39.40956708694883
2013-11-27,39.22081828022686
2013-11-28,39.05544048674109
2013-11-29,39.25151118739056
2013-11-30,39.204523973761184
2013-12-01,39.16950837010832
2013-12-02,39.132469751432254
2013-12-03,39.121129695676586
2013-12-04,39.084480290388576
2013-12-05,39.07519785860786
2013-12-06,39.03651921972754
2013-12-07,38.99040765997847
2013-12-08,38.9757324451653
2013-12-09,38.98811771715391
2013-12-10,38.97664796245832
2013-12-11,38.962395149849634
2013-12-12,38.995629925517214
2013-12-13,39.32943463673137
2013-12-14,39.28362660648608
2013-12-15,39.28911834985991
2013-12-16,39.155185544170585
2013-12-17,39.12817967315975
2013-12-18,39.0170970788956
2013-12-19,38.99102205510732
2013-12-20,38.90727640908377
2013-12-21,37.91277142485815
2013-12-22,37.92237299117862
2013-12-23,37.91552602246984
2013-12-24,37.90323717774896
2013-12-25,37.75819108240491
2013-12-26,37.74176760348847
2013-12-27,37.66231169472897
2013-12-28,37.6748331796146
2013-12-29,37.681905280634176
2013-12-30,37.9088057766564
2013-12-31,37.92434358014704
2014-01-01,37.922303218104695
2014-01-02,37.915679092032015
2014-01-03,37.91252654066894
2014-01-04,37.88637768287422
2014-01-05,37.865312575179566
2014-01-06,37.86217535800493
2014-01-07,37.8485847286262
2014-01-08,37.89370590389256
2014-01-09,37.92682892953404
2014-01-10,37.95786431284601
2014-01-11,37.87496224409661
2014-01-12,37.87081096474801
2014-01-13,37.878429482002815
2014-01-14,37.8518183278576
2014-01-15,37.83534442633922
2014-01-16,37.805265632422646
2014-01-17,37.91200297160117
2014-01-18,37.93958174545786
2014-01-19,37.9034326187098
2014-01-20,37.88482431572557
2014-01-21,37.96157659830435
2014-01-22,37.928848056812924
2014-01-23,37.93349529872292
2014-01-24,37.99867806977062
2014-01-25,38.0923489407394
2014-01-26,38.11542106045216
2014-01-27,38.55495680208831
2014-01-28,38.649607388576165
2014-01-29,38.64879876116288
2014-01-30,38.68937949690604
2014-01-31,38.721140759798615
2014-02-01,38.70958909881448
2014-02-02,38.73113446719034
2014-02-03,38.73394793285179
2014-02-04,38.74690183401066
2014-02-05,37.75343573030053
2014-02-06,37.71898971500303
2014-02-07,37.71160969346296
2014-02-08,37.72161709529375
2014-02-09,37.72319767023743
2014-02-10,37.72797815081656
2014-02-11,37.73517443761906
2014-02-12,37.72214392038722
2014-02-13,37.72657699349844
2014-02-14,37.73224496841623
2014-02-15,37.76098182046887
2014-02-16,37.75407641330438
2014-02-17,37.76850694687852
2014-02-18,37.69592394171743
2014-02-19,37.70484690036547
2014-02-20,38.1540657640668
2014-02-21,38.26471305311996
2014-02-22,38.27807815682199
2014-02-23,38.28627013309897
2014-02-24,38.31109787571968
2014-02-25,38.26892083105338
2014-02-26,38.26707420999325
2014-02-27,38.2746214082865
2014-02-28,38.144165294191296
2014-03-01,38.12618231478539
2014-03-02,38.136574969076726
2014-03-03,38.17546776112988
2014-03-04,38.227840683162086
2014-03-05,38.23167244499369
2014-03-06,38.2439987534039
2014-03-07,36.64282236143436
2014-03-08,36.69985845061064
2014-03-09,35.818937622901025
2014-03-10,35.72950360602118
2014-03-11,35.701064726611925
2014-03-12,35.72030471828829
2014-03-13,35.73313330146891
2014-03-14,35.77283841510676
2014-03-15,35.872465310145785
2014-03-16,35.950091271622114
2014-03-17,36.123084451376975
2014-03-18,36.1497126267084
2014-03-19,36.17491786826053
2014-03-20,36.249574134152525
2014-03-21,36.30423451885832
2014-03-22,36.3681493394198
2014-03-23,36.42705129522576
2014-03-24,36.46960728963196
2014-03-25,36.606548777109445
2014-03-26,36.677935955804585
2014-03-27,36.76941992022491
2014-03-28,36.8413996686996
2014-03-29,36.96703492388547
2014-03-30,37.082592299714285
2014-03-31,37.13576561961252
2014-04-01,37.27066459963753
2014-04-02,37.344294505997006
2014-04-03,37.33469958798098
2014-04-04,38.0115657007958
2014-04-05,38.16839287229462
2014-04-06,38.25775370631245
2014-04-07,38.362990824263
2014-04-08,38.449611414255614
2014-04-09,38.52951897122001
2014-04-10,38.57566802936977
2014-04-11,38.63245535297312
2014-04-12,38.85039517121976
2014-04-13,38.978777495127446
2014-04-14,39.11355682664588
2014-04-15,39.15296472148604
2014-04-16,39.08321303076348
2014-04-17,39.06396541496279
2014-04-18,39.11720406417974
2014-04-19,39.28413795934413
2014-04-20,39.5891681344419
2014-04-21,39.71706881468164
2014-04-22,39.75781050380273
2014-04-23,39.85774753261661
2014-04-24,39.96532227429135
2014-04-25,40.22527793293999
2014-04-26,40.268666578981154
2014-04-27,40.28506272187672
2014-04-28,40.53126183086962
2014-04-29,40.546021484902106
2014-04-30,40.55064379944324
2014-05-01,40.57338362738368
2014-05-02,40.58372218431537
2014-05-03,40.604687385803615
2014-05-04,40.63911392961969
2014-05-05,40.66122015223432
2014-05-06,40.8532890408227
2014-05-07,40.84325274262961
2014-05-08,40.88118345758116
2014-05-09,40.91142243982637
2014-05-10,40.98673766467165
2014-05-11,41.02982313530937
2014-05-12,41.09279298128484
2014-05-13,41.13477489079823
2014-05-14,41.13741913101226
2014-05-15,41.14940278187701
2014-05-16,41.18630433302473
2014-05-17,41.2119902301944
2014-05-18,41.23439257218919
2014-05-19,41.29064229278369
2014-05-20,41.31626802634746
2014-05-21,41.315123824762445
2014-05-22,41.3021163963311
2014-05-23,41.31392509033445
2014-05-24,41.36520835073264
2014-05-25,41.35337909961423
2014-05-26,41.35443248290338
2014-05-27,40.952709895119696
2014-05-28,41.005117946647054
2014-05-29,41.05607928959218
2014-05-30,41.07863197121021
2014-05-31,41.03635155649403
2014-06-01,41.12483064915488
2014-06-02,41.12611622518386
2014-06-03,41.11509565498847
2014-06-04,41.10718630220519
2014-06-05,41.13352865616029
2014-06-06,41.132529399327126
2014-06-07,41.13735816681704
2014-06-08,41.123912423639496
2014-06-09,41.15236951677655
2014-06-10,41.130428064868525
2014-06-11,41.15057702875985
2014-06-12,41.14601390179972
2014-06-13,41.1181830663509
2014-06-14,41.12041041992671
2014-06-15,41.188584282692325
2014-06-16,41.157439729231925
2014-06-17,41.14623423038224
2014-06-18,41.149703501455
2014-06-19,41.14498182414942
2014-06-20,41.13238292672924
2014-06-21,41.17877337838444
2014-06-22,41.19584613100485
2014-06-23,41.21770827213669
2014-06-24,41.208742815547936
2014-06-25,41.22532155191525
2014-06-26,41.24123925007471
2014-06-27,41.28922633019968
2014-06-28,41.28524348048854
2014-06-29,41.19787418357248
2014-06-30,41.17803712406849
2014-07-01,41.18364917491063
2014-07-02,41.16823550087332
2014-07-03,41.18952362678306
2014-07-04,41.20296337153228
2014-07-05,41.22312121100104
2014-07-06,41.27726813930158
2014-07-07,41.29463542139705
2014-07-08,41.31313226136329
2014-07-09,41.23365635499872
2014-07-10,41.22964974326913
2014-07-11,41.24429053667072
2014-07-12,41.49733432423563
2014-07-13,41.50509422843625
2014-07-14,41.518046192168576
2014-07-15,41.52281491446711
2014-07-16,41.55231732462504
2014-07-17,41.54585464156133
2014-07-18,41.53022034082941
2014-07-19,41.53922677609667
2014-07-20,41.538397492709045
2014-07-21,41.53430481381788
2014-07-22,41.53061721754442
2014-07-23,41.50525943266149
2014-07-24,41.51489139782559
2014-07-25,41.53455711058321
2014-07-26,41.56160203403737
2014-07-27,41.58544423411526
2014-07-28,41.562350792192575
2014-07-29,41.63933993732479
2014-07-30,41.64090177995359
2014-07-31,41.68867619557833
2014-08-01,41.70557207917176
2014-08-02,41.741569789866254
2014-08-03,41.7462842465492
2014-08-04,41.73957148549557
2014-08-05,41.80343663644321
2014-08-06,41.8051864527553
2014-08-07,41.91160353305201
2014-08-08,41.93458620132296
2014-08-09,41.95860476779539
2014-08-10,41.96790516086659
2014-08-11,41.964628927061966
2014-08-12,41.95002375615224
2014-08-13,41.965567638421376
2014-08-14,41.99701481407078
2014-08-15,41.99839110765581
2014-08-16,42.02784638971105
2014-08-17,42.02085694802069
2014-08-18,42.02537837681741
2014-08-19,42.027354447794615
2014-08-20,42.02390165032492
2014-08-21,42.03139576551188
2014-08-22,42.06248216421671
2014-08-23,42.07464523388425
2014-08-24,42.084801713662415
2014-08-25,42.09842578500314
2014-08-26,42.11396755870008
2014-08-27,42.13764830880971
2014-08-28,42.14907543773524
2014-08-29,42.15797549380832
2014-08-30,42.19784594232832
2014-08-31,42.20749459255324
2014-09-01,42.22123516834056
2014-09-02,42.23234803340913
2014-09-03,42.2244460307186
2014-09-04,42.19686192927246
2014-09-05,42.182374128447854
2014-09-06,42.15321218952587
2014-09-07,42.17609695713679
2014-09-08,42.19089269251417
2014-09-09,42.17131223891773
2014-09-10,42.16256453908416
2014-09-11,42.15991508693104
2014-09-12,42.18047234640748
2014-09-13,42.19942642991069
2014-09-14,42.38449636123555
2014-09-15,42.37584678941456
2014-09-16,42.36713175048168
2014-09-17,42.37675390084112
2014-09-18,42.38463703907768
2014-09-19,42.4051600242591
2014-09-20,42.43438220705777
2014-09-21,42.42995752859751
2014-09-22,42.440010043179655
2014-09-23,42.433710773309805
2014-09-24,42.46473646922176
2014-09-25,42.46131325899338
2014-09-26,42.50825958524868
2014-09-27,42.55518605541501
2014-09-28,42.54785334640203
2014-09-29,42.53825849403018
2014-09-30,42.52142973407012
2014-10-01,42.52251606415614
2014-10-02,42.87871391044633
2014-10-03,42.86533974783196
2014-10-04,42.8618383491152
2014-10-05,42.582483693812186
2014-10-06,42.6413234502377
2014-10-07,42.6180126873951
2014-10-08,42.57634484730281
2014-10-09,42.58477536093088
2014-10-10,42.637180228448585
2014-10-11,42.68869079355204
2014-10-12,42.70636132772055
2014-10-13,42.77342608529284
2014-10-14,42.846051828368495
2014-10-15,42.856502603909895
2014-10-16,42.875182768462416
2014-10-17,42.96216818305
2014-10-18,43.01060160863832
2014-10-19,43.05180626522134
2014-10-20,43.06745434391145
2014-10-21,43.64787549712927
2014-10-22,43.644050081038
2014-10-23,43.64025835417716
2014-10-24,43.708150010319486
2014-10-25,43.72685620729544
2014-10-26,43.748189818300425
2014-10-27,43.74802470781012
2014-10-28,43.76094551506292
2014-10-29,43.76276590441169
2014-10-30,43.84582661398299
2014-10-31,43.98460344158365
2014-11-01,44.01960685199116
2014-11-02,44.12891795744896
2014-11-03,44.30794752662226
2014-11-04,44.459456990521055
2014-11-05,44.5340138579927
2014-11-06,44.62835436879162
2014-11-07,44.63136222101511
2014-11-08,44.745414875670086
2014-11-09,44.942903062401314
2014-11-10,45.10528149929301
2014-11-11,45.23262375177074
2014-11-12,45.38408630933192
2014-11-13,45.54699457155114
2014-11-14,45.80129484211104
2014-11-15,46.03944979399856
2014-11-16,46.16606938885192
2014-11-17,46.39456235924664
2014-11-18,46.825002441557984
2014-11-19,46.93317869239151
2014-11-20,47.26827746037473
2014-11-21,48.50034562782648
2014-11-22,48.767382165209646
2014-11-23,49.01079173104391
2014-11-24,49.23494314551248
2014-11-25,49.323280767535
2014-11-26,49.41001232288165
2014-11-27,49.534340805347725
2014-11-28,49.75046379861768
2014-11-29,49.867159569931815
2014-11-30,49.989718313806414
2014-12-01,50.14017007427201
2014-12-02,50.26405308542053
2014-12-03,50.35851236940783
2014-12-04,50.46070873619738
2014-12-05,50.53635875493776
2014-12-06,50.637967472610335
2014-12-07,50.74912630336691
2014-12-08,50.82527327270746
2014-12-09,50.675370160940815
2014-12-10,50.716610429820165
2014-12-11,50.75854666755896
2014-12-12,50.838670118244224
2014-12-13,51.00486139082525
2014-12-14,51.43460391852559
2014-12-15,51.52635244387208
2014-12-16,52.38086589173306
2014-12-17,52.44657202920335
2014-12-18,52.530623885551606
2014-12-19,52.62098807835816
2014-12-20,53.40151471238881
2014-12-21,53.46869088025562
2014-12-22,53.5450768128515
2014-12-23,53.56427133445844
2014-12-24,53.31459195131032
2014-12-25,53.45041768300055
2014-12-26,53.50824841723125
2014-12-27,53.51563215141727
2014-12-28,53.54365017196521
2014-12-29,53.59449612993127
2014-12-30,53.43988568677562
2014-12-31,53.45568119395736
2015-01-01,53.56427340877648
2015-01-02,53.63381375111844
2015-01-03,53.64990159904296
2015-01-04,53.63178481178191
2015-01-05,53.62863816196453
2015-01-06,53.65277351861425
2015-01-07,53.6593559162186
2015-01-08,53.60144901095661
2015-01-09,53.80319903346116
2015-01-10,53.976542470593294
2015-01-11,53.99521079990871
2015-01-12,54.02489477129616
2015-01-13,53.94147545607397
2015-01-14,53.883568411036
2015-01-15,53.8490884894062
2015-01-16,53.84467574875527
2015-01-17,53.87664795081848
2015-01-18,53.87672300725085
2015-01-19,53.92414059577985
2015-01-20,53.9321266935407
2015-01-21,53.89750053457112
2015-01-22,54.00175529041185
2015-01-23,54.041511913874935
2015-01-24,54.06326859006785
2015-01-25,54.1091614718404
2015-01-26,54.10321999003288
2015-01-27,54.11832748807284
2015-01-28,54.15476556095981
2015-01-29,54.15736663281845
2015-01-30,54.20376774953848
2015-01-31,54.81241136063734
2015-02-01,54.86275461139807
2015-02-02,54.898405961440304
2015-02-03,54.94307836944696
2015-02-04,54.92974240912362
2015-02-05,54.96758926553345
2015-02-06,55.01189439021334
2015-02-07,55.062962635822345
2015-02-08,55.09622408519152
2015-02-09,55.10214052761716
2015-02-10,55.151756228166064
2015-02-11,55.21361043289092
2015-02-12,55.28276986061472
2015-02-13,55.53259296527456
2015-02-14,55.55190545222241
2015-02-15,55.579024445927935
2015-02-16,55.61037234138601
2015-02-17,55.64880014961575
2015-02-18,55.65576023659874
2015-02-19,55.69241416338436
2015-02-20,55.83417537870398
2015-02-21,55.87742847993168
2015-02-22,55.91042087737527
2015-02-23,55.91128506714264
2015-02-24,56.02456615008515
2015-02-25,55.960697909671765
2015-02-26,56.02025944128429
2015-02-27,56.14841384316372
2015-02-28,56.25204423819281
2015-03-01,56.2279915588005
2015-03-02,56.25588963937224
2015-03-03,56.18933997810333
2015-03-04,56.16905810504877
2015-03-05,56.22521041150495
2015-03-06,56.20502351899346
2015-03-07,56.3063289847553
2015-03-08,56.362857734008834
2015-03-09,56.39561277755912
2015-03-10,56.85232814627169
2015-03-11,56.89540378484812
2015-03-12,56.9145390908197
2015-03-13,56.84247159152058
2015-03-14,56.87887247767558
2015-03-15,56.93823267661509
2015-03-16,57.14384007525061
2015-03-17,57.160177647036896
2015-03-18,57.14438746005938
2015-03-19,57.15112716185324
2015-03-20,57.19616227292684
2015-03-21,57.2284333964165
2015-03-22,57.273803012905496
2015-03-23,57.3749754881964
2015-03-24,57.38343687107351
2015-03-25,57.40049523504353
2015-03-26,57.48889162198765
2015-03-27,57.48506170112537
2015-03-28,57.50092010882654
2015-03-29,57.51927948936681
2015-03-30,57.52705122536747
2015-03-31,57.551478002062254
2015-04-01,57.57596374472241
2015-04-02,57.52469580323007
2015-04-03,57.507823682103776
2015-04-04,57.52067200420002
2015-04-05,57.55035064673892
2015-04-06,57.566436448233645
2015-04-07,57.55402324084561
2015-04-08,57.56250739342424
2015-04-09,57.58489918110922
2015-04-10,57.58282489996338
2015-04-11,57.76351955657336
2015-04-12,57.79783092799945
2015-04-13,57.81236343863474
2015-04-14,57.80794908849247
2015-04-15,57.63462813468362
2015-04-16,57.638906767733296
2015-04-17,57.66717340356546
2015-04-18,57.84421385762492
2015-04-19,57.86387854263097
2015-04-20,57.86925149343231
2015-04-21,57.85599472681956
2015-04-22,57.84325184500862
2015-04-23,57.35408040983001
2015-04-24,57.38878865265946
2015-04-25,57.37190990427169
2015-04-26,57.37591520230751
2015-04-27,57.352461411456986
2015-04-28,57.33314851395292
2015-04-29,57.34404949585455
2015-04-30,57.35959814009393
2015-05-01,57.363195218395234
2015-05-02,57.37345017906523
2015-05-03,57.36384565432762
2015-05-04,57.36190120846841
2015-05-05,57.33079045379712
2015-05-06,57.321006541016494
2015-05-07,57.31741687293832
2015-05-08,57.31488213278414
2015-05-09,57.35167427238904
2015-05-10,57.37237639517351
2015-05-11,57.339279606276726
2015-05-12,57.308968127971376
2015-05-13,57.30534460058879
2015-05-14,57.31474845163254
2015-05-15,57.32640045858347
2015-05-16,57.33623363112673
2015-05-17,57.35702684129052
2015-05-18,57.37165768233998
2015-05-19,57.36992578874581
2015-05-20,57.38724326519504
2015-05-21,57.41325510368788
2015-05-22,57.806682385837526
2015-05-23,57.8169153009045
2015-05-24,57.83007059847759
2015-05-25,57.91304800957136
2015-05-26,57.916702747264736
2015-05-27,57.93146843696684
2015-05-28,57.97756817577296
2015-05-29,58.01860159508572
2015-05-30,58.03989363011497
2015-05-31,58.04665444617181
2015-06-01,58.06146931068638
2015-06-02,58.0586279065518
2015-06-03,58.061444808787705
2015-06-04,58.08155160036358
2015-06-05,58.55790791729256
2015-06-06,59.03745004928377
2015-06-07,59.49342914254592
2015-06-08,59.50709705305125
2015-06-09,59.499938970752254
2015-06-10,59.47491845895668
2015-06-11,59.44887001807466
2015-06-12,59.40231071011263
2015-06-13,59.37453181683448
2015-06-14,59.39305562658458
2015-06-15,59.37699478004103
2015-06-16,59.35447074541833
2015-06-17,59.33753313839405
2015-06-18,59.35399956189126
2015-06-19,59.406417134748914
2015-06-20,59.34199840371692
2015-06-21,59.33579787408882
2015-06-22,59.33532550634009
2015-06-23,59.32062037698498
2015-06-24,59.37109889280533
2015-06-25,59.381333031527525
2015-06-26,59.426799993574384
2015-06-27,59.45645912166196
2015-06-28,59.53192585539121
2015-06-29,59.5294159523281
2015-06-30,59.5312513083014
2015-07-01,59.5286551600495
2015-07-02,59.50524416634877
2015-07-03,59.50218262669589
2015-07-04,59.54967758933992
2015-07-05,59.5320539980042
2015-07-06,59.49121158311325
2015-07-07,59.444332234761845
2015-07-08,59.37391989728493
2015-07-09,59.33184549810344
2015-07-10,59.31977613290613
2015-07-11,59.332092111982654
2015-07-12,59.28700758400452
2015-07-13,59.295153480421774
2015-07-14,59.32896539881156
2015-07-15,59.30920997759157
2015-07-16,59.33303175155777
2015-07-17,59.34040596173806
2015-07-18,59.34039625814079
2015-07-19,59.34846503851204
2015-07-20,59.28757612337731
2015-07-21,59.2949019575184
2015-07-22,59.28500906478983
2015-07-23,59.31759709941657
2015-07-24,59.40249531227463
2015-07-25,59.40002731465722
2015-07-26,59.417594428645785
2015-07-27,59.4253873907708
2015-07-28,59.42852234224511
2015-07-29,59.4113308322385
2015-07-30,59.46187465206517
2015-07-31,59.84695565735899
2015-08-01,59.87674749014016
2015-08-02,59.88096547687492
2015-08-03,59.879185569498894
2015-08-04,59.86102726554186
2015-08-05,59.87353813904997
2015-08-06,59.88015628963485
2015-08-07,59.89415013295152
2015-08-08,59.95044717059078
2015-08-09,59.7280822376668
2015-08-10,59.75890670494553
2015-08-11,59.75432173416054
2015-08-12,59.77219384709452
2015-08-13,59.83324203156328
2015-08-14,59.80924442028721
2015-08-15,59.80479331137629
2015-08-16,59.79286414069024
2015-08-17,59.80997590321585
2015-08-18,59.83434045242146
2015-08-19,59.794386587110814
2015-08-20,59.78561697708023
2015-08-21,59.77952912047129
2015-08-22,59.7585667369476
2015-08-23,59.728128466783566
2015-08-24,59.60146931743752
2015-08-25,59.43558299932384
2015-08-26,59.43677090697041
2015-08-27,59.46839879577794
2015-08-28,59.500073542854864
2015-08-29,59.50653939233193
2015-08-30,59.495929474915656
2015-08-31,59.50490384938957
2015-09-01,59.58654597435197
2015-09-02,59.54853022130764
2015-09-03,59.510056949695006
2015-09-04,59.537561031831565
2015-09-05,59.561957436476725
2015-09-06,59.56535691584229
2015-09-07,59.57702113249092
2015-09-08,59.56219257358529
2015-09-09,59.518096064231926
2015-09-10,59.48165922203673
2015-09-11,59.48965406729102
2015-09-12,59.49714539226808
2015-09-13,59.53477723119592
2015-09-14,59.59174861552
2015-09-15,59.73168994765968
2015-09-16,59.72859532710408
2015-09-17,59.7313630004636
2015-09-18,59.765609993020526
2015-09-19,59.781481901674034
2015-09-20,59.80744027648901
2015-09-21,59.76313409262316
2015-09-22,59.76110765078376
2015-09-23,59.76670938563209
2015-09-24,59.81015194261144
2015-09-25,59.80995938912398
2015-09-26,59.81489883260253
2015-09-27,59.82630919486997
2015-09-28,59.83291839104679
2015-09-29,59.8439775200013
2015-09-30,59.89915312341117
2015-10-01,59.97168935833301
2015-10-02,60.04933953954759
2015-10-03,60.12345796722044
2015-10-04,60.16066876552355
2015-10-05,60.241729907516
2015-10-06,60.22470625543561
2015-10-07,60.28729641871104
2015-10-08,60.26803278019475
2015-10-09,60.27800616265129
2015-10-10,60.28332872155342
2015-10-11,60.28248357163637
2015-10-12,60.21020786346207
2015-10-13,60.19321518491998
2015-10-14,60.1163678400124
2015-10-15,60.09976037682425
2015-10-16,60.09369427101825
2015-10-17,60.09551868464649
2015-10-18,60.10252471347701
2015-10-19,60.07912066443993
2015-10-20,60.15002129500775
2015-10-21,60.133196915825245
2015-10-22,60.1403080418694
2015-10-23,60.15688257051584
2015-10-24,60.18004876730111
2015-10-25,60.18260930819791
2015-10-26,60.1633073444629
2015-10-27,60.15600269166248
2015-10-28,60.134768098295694
2015-10-29,60.12658681800065
2015-10-30,60.15227564523177
2015-10-31,60.08480571106274
2015-11-01,60.03531306454928
2015-11-02,60.0238941923256
2015-11-03,59.90189387130649
2015-11-04,59.8379491073588
2015-11-05,59.816841924679466
2015-11-06,59.80502261737639
2015-11-07,59.658939554627246
2015-11-08,59.635687862808766
2015-11-09,59.661642289248405
2015-11-10,59.58211178314173
2015-11-11,59.54110596927758
2015-11-12,59.54122391080541
2015-11-13,59.46860030371474
2015-11-14,59.49183414376435
2015-11-15,59.56113781878544
2015-11-16,59.58954510188468
2015-11-17,59.56440560763647
2015-11-18,59.54530614827565
2015-11-19,59.51791190724074
2015-11-20,59.5263565469018
2015-11-21,59.51951352063946
2015-11-22,59.50228416736485
2015-11-23,59.839728529357
2015-11-24,59.85657843360612
2015-11-25,59.8646027408673
2015-11-26,59.84880450778848
2015-11-27,59.880722621335615
2015-11-28,59.88441906414084
2015-11-29,59.9527817806806
2015-11-30,60.0701068780967
2015-12-01,60.108578842085066
2015-12-02,60.071590674367386
2015-12-03,60.37601803856729
2015-12-04,60.37614270565351
2015-12-05,60.36632935533351
2015-12-06,60.341236520132455
2015-12-07,60.34549273436495
2015-12-08,60.34798265008095
2015-12-09,60.311403467669486
2015-12-10,60.3075972897125
2015-12-11,60.28600117469666
2015-12-12,60.29281214826328
2015-12-13,60.32163379053687
2015-12-14,60.29282113974925
2015-12-15,60.31911204302671
2015-12-16,60.32980708980698
2015-12-17,60.36117043798593
2015-12-18,60.36811245473288
2015-12-19,60.69677719936802
2015-12-20,60.68165150899418
2015-12-21,60.66102762326263
2015-12-22,60.63449049541495
2015-12-23,60.61920850611547
2015-12-24,60.58742082015058
2015-12-25,60.66320508693604
2015-12-26,60.63480620614712
2015-12-27,60.61022598076077
2015-12-28,60.61666452477679
2015-12-29,60.60571061106946
2015-12-30,60.61197964327143
2015-12-31,60.62619348296754
2016-01-01,60.72231524036264
2016-01-02,60.75522028338966
2016-01-03,61.44209902022319
2016-01-04,61.4388864110859
2016-01-05,61.49493541263944
2016-01-06,61.49406728877089
2016-01-07,61.3458930472688
2016-01-08,61.278003391734735
2016-01-09,61.42382754543807
2016-01-10,61.531541402508175
2016-01-11,61.57087723767859
2016-01-12,61.58832284591083
2016-01-13,61.53720535605938
2016-01-14,61.561595512009234
2016-01-15,61.481627721076485
2016-01-16,61.47641515373008
2016-01-17,61.51795558423473
2016-01-18,61.51728283121977
2016-01-19,61.49732814014716
2016-01-20,61.504180557725455
2016-01-21,61.54991177478943
2016-01-22,61.20615067628458
2016-01-23,60.99790116907462
2016-01-24,61.01090449081185
2016-01-25,60.95838032666369
2016-01-26,61.04119228618675
2016-01-27,61.02870133354125
2016-01-28,60.97610087073476
2016-01-29,61.03770965677608
2016-01-30,61.06569224035086
2016-01-31,61.086890749979695
2016-02-01,61.05861800934858
2016-02-02,61.055599238509366
2016-02-03,61.07460988735978
2016-02-04,61.0314535274297
2016-02-05,61.03213579813235
2016-02-06,61.01289356843506
2016-02-07,61.01030132698744
2016-02-08,61.00803360417115
2016-02-09,61.00400905559421
2016-02-10,60.97443189109895
2016-02-11,60.92707001738872
2016-02-12,60.93451764329815
2016-02-13,60.91784551105395
2016-02-14,60.924412168416175
2016-02-15,61.03962173132383
2016-02-16,61.00374003964757
2016-02-17,60.98905928938919
2016-02-18,60.98569795215007
2016-02-19,60.92894665483976
2016-02-20,60.98601534931104
2016-02-21,60.96982824247133
2016-02-22,60.95311772108544
2016-02-23,60.95234100000393
2016-02-24,60.90749306926018
2016-02-25,60.85529953131434
2016-02-26,61.02662465109022
2016-02-27,61.03479867403663
2016-02-28,61.03166228641783
2016-02-29,61.09059280013574
2016-03-01,60.68133626397809
2016-03-02,60.75312097723615
2016-03-03,60.8279944016172
2016-03-04,61.07191890422004
2016-03-05,61.09305811642128
2016-03-06,61.07351594409949
2016-03-07,61.03198851050554
2016-03-08,61.00793561539759
2016-03-09,60.92676882892093
2016-03-10,60.87401984393308
2016-03-11,60.86343629891007
2016-03-12,60.91761599110647
2016-03-13,60.910370304584106
2016-03-14,60.907643985757126
2016-03-15,60.86988256763848
2016-03-16,60.815506859398
2016-03-17,60.78829095364253
2016-03-18,60.78713126692144
2016-03-19,60.84392991589986
2016-03-20,60.83639482258879
2016-03-21,60.76241672592506
2016-03-22,60.70899465727797
2016-03-23,60.6932000594143
2016-03-24,60.69166659610734
2016-03-25,60.61310229235093
2016-03-26,60.61109407661876
2016-03-27,60.67050039343917
2016-03-28,60.66041827707635
2016-03-29,60.64589281381463
2016-03-30,60.60801841268024
2016-03-31,60.57090496025218
2016-04-01,60.54727629785305
2016-04-02,60.54670443940115
2016-04-03,60.5452723174517
2016-04-04,60.59935262425574
2016-04-05,60.57414695350278
2016-04-06,60.54834225626629
2016-04-07,60.53900753874854
2016-04-08,60.55406720858908
2016-04-09,60.67734677446039
2016-04-10,60.61439150172107
2016-04-11,60.59502552922729
2016-04-12,60.56320096154096
2016-04-13,60.552947177260975
2016-04-14,60.5508953285852
2016-04-15,60.54928155958673
2016-04-16,60.52340165643806
2016-04-17,60.955239178700765
2016-04-18,60.954002742162885
2016-04-19,60.966410832409466
2016-04-20,60.93008138182167
2016-04-21,60.92938235923855
2016-04-22,60.9153922714318
2016-04-23,60.88773276936138
2016-04-24,60.8782220055993
2016-04-25,60.78945528198872
2016-04-26,60.74173953946374
2016-04-27,60.726391411864114
2016-04-28,60.694508420017904
2016-04-29,60.65966415040978
2016-04-30,60.64256978595231
2016-05-01,60.64186718004287
2016-05-02,60.63229720609546
2016-05-03,60.62829245070637
2016-05-04,60.6081510625414
2016-05-05,60.60148763165224
2016-05-06,60.61692237188044
2016-05-07,60.5364748594568
2016-05-08,60.58345466211759
2016-05-09,60.56613644502037
2016-05-10,60.53629660822147
2016-05-11,60.50543030788375
2016-05-12,60.50241446710848
2016-05-13,60.490658171502034
2016-05-14,60.46254195081502
2016-05-15,60.45666323224294
2016-05-16,60.42889752372525
2016-05-17,59.807226506877626
2016-05-18,59.76387880205716
2016-05-19,59.70902255059329
2016-05-20,59.63593292072625
2016-05-21,59.62097974320454
2016-05-22,59.59780958110823
2016-05-23,59.580177152250926
2016-05-24,59.56716505073685
2016-05-25,59.57338181332892
2016-05-26,59.59715738919084
2016-05-27,59.43088029880725
2016-05-28,59.42273687018265
2016-05-29,59.36203160838121
2016-05-30,59.37044630416977
2016-05-31,59.32041580270709
2016-06-01,59.27157061398423
2016-06-02,59.21479992263085
2016-06-03,59.19642172221187
2016-06-04,59.19822675942815
2016-06-05,59.18664907861118
2016-06-06,59.12875844051473
2016-06-07,59.06042097007482
2016-06-08,59.05430559384072
2016-06-09,59.02228430066798
2016-06-10,58.99648539855056
2016-06-11,58.98245182367975
2016-06-12,58.8211964070984
2016-06-13,58.88373025936305
2016-06-14,58.78539729049143
2016-06-15,58.71853576716624
2016-06-16,58.6158699478032
2016-06-17,58.59292482692425
2016-06-18,58.57008726255137
2016-06-19,58.54959461812587
2016-06-20,58.48339392331673
2016-06-21,58.42671513562724
2016-06-22,58.40074549712344
2016-06-23,58.39495270309883
2016-06-24,58.40339993590556
2016-06-25,58.34596334693025
2016-06-26,58.35560064164898
2016-06-27,58.38975333228072
2016-06-28,58.37758057268122
2016-06-29,58.39743647668908
2016-06-30,58.26328567265935
2016-07-01,58.24972745093799
2016-07-02,58.29381533112124
2016-07-03,58.294855974534485
2016-07-04,58.30054108199874
2016-07-05,58.22321027444397
2016-07-06,58.33803058497205
2016-07-07,58.32533994247909
2016-07-08,58.30344195190843
2016-07-09,58.2133697848779
2016-07-10,58.16604306353135
2016-07-11,58.10461124021143
2016-07-12,58.09934177915741
2016-07-13,58.09803950188257
2016-07-14,58.10432444197116
2016-07-15,58.12646768833297
2016-07-16,58.13218813002993
2016-07-17,58.12369299080241
2016-07-18,58.13116887647184
2016-07-19,58.12698901921242
2016-07-20,58.11454928336946
2016-07-21,58.13074443998506
2016-07-22,58.12426586194655
2016-07-23,58.1339567575517
2016-07-24,58.159836062976055
2016-07-25,58.15984987099477
2016-07-26,58.15590581519439
2016-07-27,58.153526502949
2016-07-28,58.1487327777264
2016-07-29,58.14847344154454
2016-07-30,58.11667065737781
2016-07-31,58.11368969616666
2016-08-01,58.0998904404547
2016-08-02,58.07081747394162
2016-08-03,58.66901263097914
2016-08-04,58.90047295556395
2016-08-05,58.90872885008922
2016-08-06,58.90706175714846
2016-08-07,58.91523276453968
2016-08-08,58.94428225229842
2016-08-09,58.95120604080135
2016-08-10,58.94348717780024
2016-08-11,58.96380302866421
2016-08-12,58.97076238277505
2016-08-13,59.01371232572655
2016-08-14,59.03486315682983
2016-08-15,59.06011804736309
2016-08-16,59.06351768057015
2016-08-17,59.08829816821106
2016-08-18,59.17781985561096
2016-08-19,59.2069253591752
2016-08-20,59.00670525622078
2016-08-21,59.036735165774495
2016-08-22,59.058882277137656
2016-08-23,59.062389781862834
2016-08-24,59.09856992549011
2016-08-25,58.978794197436684
2016-08-26,58.99202773685849
2016-08-27,59.01567249881781
2016-08-28,59.04005653644221
2016-08-29,59.04503003854073
2016-08-30,59.024377359967126
2016-08-31,59.02660680141607
2016-09-01,59.02770491751559
2016-09-02,59.06368246525631
2016-09-03,59.08032896919872
2016-09-04,59.12998527833038
2016-09-05,59.13291935572369
2016-09-06,59.11672362137343
2016-09-07,59.12314740726869
2016-09-08,59.119855018463134
2016-09-09,59.11357994339064
2016-09-10,59.11202429997025
2016-09-11,59.0993956673845
2016-09-12,59.09951774293864
2016-09-13,59.05622892801359
2016-09-14,59.05385638884304
2016-09-15,59.0570511229564
2016-09-16,59.04189950115892
2016-09-17,59.039604278398166
2016-09-18,59.04832799665001
2016-09-19,59.05324414395639
2016-09-20,59.029339217587285
2016-09-21,59.00301580986864
2016-09-22,59.00909300329053
2016-09-23,59.01146463063586
2016-09-24,58.95352574690989
2016-09-25,58.9462103304805
2016-09-26,58.94988500280573
2016-09-27,58.952551652301246
2016-09-28,58.94474898710565
2016-09-29,58.950602323264846
2016-09-30,58.96870948229136
2016-10-01,59.15714878501147
2016-10-02,59.16272381290053
2016-10-03,59.145386774277696
2016-10-04,59.10800364273311
2016-10-05,59.10854126854356
2016-10-06,59.11635144449688
2016-10-07,59.13668019307647
2016-10-08,59.2267623921659
2016-10-09,59.23690906361546
2016-10-10,59.236920543526594
2016-10-11,59.2275085858754
2016-10-12,59.224921057803456
2016-10-13,59.222537812794094
2016-10-14,59.22599000220345
2016-10-15,59.25316782256804
2016-10-16,59.24403012381291
2016-10-17,59.11004940230242
2016-10-18,59.0874105272141
2016-10-19,59.07345221916454
2016-10-20,59.135664835802544
2016-10-21,59.04541548266496
2016-10-22,59.03862123641144
2016-10-23,59.03625882388356
2016-10-24,59.10731384604773
2016-10-25,59.17593638177954
2016-10-26,59.24910708744054
2016-10-27,59.231086516087615
2016-10-28,59.38331033047647
2016-10-29,59.49518061718182
2016-10-30,59.59290660149763
2016-10-31,59.60626152074455
2016-11-01,59.6033113354475
2016-11-02,59.60157356017992
2016-11-03,59.59908529138017
2016-11-04,59.66124283609076
2016-11-05,59.688190203162
2016-11-06,59.69818933638221
2016-11-07,59.709724556056685
2016-11-08,59.65230411746442
2016-11-09,59.640101122196
2016-11-10,59.60678548652872
2016-11-11,59.58939605840741
2016-11-12,59.58754798081706
2016-11-13,59.58918292645544
2016-11-14,59.56845238095239
2016-11-15,59.558066475157965
2016-11-16,59.54051539119602
2016-11-17,59.50183049406145
2016-11-18,59.46667041788581
2016-11-19,59.45601497320052
2016-11-20,59.45895720638223
2016-11-21,59.49915968277322
2016-11-22,59.426094531855895
2016-11-23,59.4074082868485
2016-11-24,59.080319516164806
2016-11-25,59.68966755896511
2016-11-26,59.66302627354418
2016-11-27,59.66717381609961
2016-11-28,59.68365920174157
2016-11-29,59.660486619402576
2016-11-30,59.66265315997315
2016-12-01,59.65966396522039
2016-12-02,59.637342731374325
2016-12-03,59.13191503703228
2016-12-04,59.23458409571428
2016-12-05,59.238031830258585
2016-12-06,59.25006270222247
2016-12-07,59.243127550247
2016-12-08,59.230789382420966
2016-12-09,59.23731255410392
2016-12-10,59.162108582086994
2016-12-11,59.15505410604223
2016-12-12,59.15785634573782
2016-12-13,59.184085903804544
2016-12-14,59.16384835070862
2016-12-15,59.18341959870244
2016-12-16,59.15948105297465
2016-12-17,59.15038466786841
2016-12-18,59.12361345438324
2016-12-19,59.11646491276158
2016-12-20,59.10342344631872
2016-12-21,59.00509956228965
2016-12-22,58.93060020201442
2016-12-23,58.83747733521957
2016-12-24,58.81704383297597
2016-12-25,58.79224523995981
2016-12-26,58.790199748408256
2016-12-27,58.75938997962367
2016-12-28,58.65070371525061
2016-12-29,58.589728832057055
2016-12-30,58.52486227373542
2016-12-31,58.543588339948
2017-01-01,58.54304969413492
2017-01-02,58.47203927524389
2017-01-03,58.42662232555768
2017-01-04,58.41453557416699
2017-01-05,58.29311690047592
2017-01-06,58.3484117048112
2017-01-07,58.328158923076245
2017-01-08,58.29655680733433
2017-01-09,58.30414389737383
2017-01-10,58.3037270932202
2017-01-11,58.19936520322132
2017-01-12,58.19928888402996
2017-01-13,58.19920611210452
2017-01-14,58.20996655211002
2017-01-15,58.22531240782999
2017-01-16,58.21087412444138
2017-01-17,58.42295286314843
2017-01-18,58.41727645771042
2017-01-19,58.4612195577578
2017-01-20,58.50702905632863
2017-01-21,58.51439831586889
2017-01-22,58.49932597959391
2017-01-23,58.49309086488093
2017-01-24,58.48326147037079
2017-01-25,58.45667696528526
2017-01-26,58.48703547077338
2017-01-27,58.51749621803933
2017-01-28,58.51591645950989
2017-01-29,58.43723404980664
2017-01-30,58.44850848993399
2017-01-31,58.43071736651629
2017-02-01,58.428757311390896
2017-02-02,58.422331480513165
2017-02-03,58.38198281239643
2017-02-04,58.3896268960404
2017-02-05,58.3955468603396
2017-02-06,58.36178613582291
2017-02-07,58.29120398061704
2017-02-08,58.28760240934765
2017-02-09,58.25233685357368
2017-02-10,58.24367852518315
2017-02-11,58.30696419928975
2017-02-12,58.29414593122448
2017-02-13,58.29716933266343
2017-02-14,58.29143487126694
2017-02-15,58.29107334735092
2017-02-16,58.35086872885392
2017-02-17,58.34417803241845
2017-02-18,58.39195650506954
2017-02-19,58.419953316535526
2017-02-20,58.41076749965996
2017-02-21,58.37960155362805
2017-02-22,58.37137973983267
2017-02-23,58.37774947110402
2017-02-24,58.54188244192916
2017-02-25,58.55949530556319
2017-02-26,58.57257504503814
2017-02-27,58.56054578430549
2017-02-28,58.5679052303306
2017-03-01,58.58867981859943
2017-03-02,58.59293245851024
2017-03-03,58.54203353495138
2017-03-04,58.59198668419223
2017-03-05,58.61217238209706
2017-03-06,58.59909017400268
2017-03-07,58.58382589192863
2017-03-08,58.54616500633463
2017-03-09,58.55756723870264
2017-03-10,58.54543233473528
2017-03-11,58.54467389460372
2017-03-12,58.55133081958699
2017-03-13,58.38703589490564
2017-03-14,58.3743289785674
2017-03-15,58.36293981956784
2017-03-16,58.38394070398604
2017-03-17,58.35719252648944
2017-03-18,58.224270550244
2017-03-19,58.18415848052367
2017-03-20,58.25185228094154
2017-03-21,58.184639159630926
2017-03-22,58.14864103061724
2017-03-23,58.1512791922577
2017-03-24,57.68991875627498
2017-03-25,57.54891369953119
2017-03-26,57.46885245497831
2017-03-27,57.502507621383344
2017-03-28,57.46991059835258
2017-03-29,57.47581129206514
2017-03-30,57.618359985719735
2017-03-31,57.58156289832095
2017-04-01,57.62418505385383
2017-04-02,57.88556878714655
2017-04-03,57.88471062914252
2017-04-04,57.92933126959363
2017-04-05,57.94170618737429
2017-04-06,57.94882755176473
2017-04-07,57.92546165218226
2017-04-08,57.93155947778007
2017-04-09,57.94460573284984
2017-04-10,57.98986272569113
2017-04-11,57.99717741761987
2017-04-12,57.97709482648416
2017-04-13,57.99770773991144
2017-04-14,57.94527921720008
2017-04-15,57.98850560588261
2017-04-16,58.03034110086321
2017-04-17,58.05642253879312
2017-04-18,58.04665398123228
2017-04-19,58.03539657788863
2017-04-20,58.058889813413245
2017-04-21,58.07577820975837
2017-04-22,58.14669814071848
2017-04-23,58.15086866791975
2017-04-24,58.14622627901653
2017-04-25,58.12324397042813
2017-04-26,58.1053315643682
2017-04-27,58.10672853258852
2017-04-28,57.99637530668476
2017-04-29,58.064053079843056
2017-04-30,58.032675473031325
2017-05-01,57.92306644980386
2017-05-02,57.891356032086414
2017-05-03,57.86101542351825
2017-05-04,57.824168534531374
2017-05-05,57.731413424485886
2017-05-06,57.77219657388315
2017-05-07,57.76271146967903
2017-05-08,57.707777616411775
2017-05-09,57.696273807590856
2017-05-10,57.68254221089519
2017-05-11,57.59816080012301
2017-05-12,57.71720788587326
2017-05-13,57.71401222043325
2017-05-14,57.7264850181624
2017-05-15,57.693631616843895
2017-05-16,57.66929652551302
2017-05-17,57.585673491000016
2017-05-18,57.567782454692846
2017-05-19,57.535376420289374
2017-05-20,57.49606536270869
2017-05-21,57.48196266737152
2017-05-22,57.37828297350373
2017-05-23,57.29660871799264
2017-05-24,57.15858304693717
2017-05-25,56.92227014095119
2017-05-26,56.86571462814486
2017-05-27,56.82225488481748
2017-05-28,56.791018863126176
2017-05-29,56.78179285354953
2017-05-30,56.720698498223925
2017-05-31,56.65447527837003
2017-06-01,56.58365992225412
2017-06-02,56.578144130362
2017-06-03,56.55624555599265
2017-06-04,56.51800165889138
2017-06-05,56.61516767301213
2017-06-06,56.647688032285664
2017-06-07,56.64981518318662
2017-06-08,56.65693961822759
2017-06-09,56.59860959948921
2017-06-10,56.465284309351325
2017-06-11,56.56621450990516
2017-06-12,56.53442968070663
2017-06-13,56.33018924909897
2017-06-14,56.2729771841823
2017-06-15,56.2707784578709
2017-06-16,56.18411189244546
2017-06-17,56.245191146586784
2017-06-18,56.11223484860034
2017-06-19,56.080153458361735
2017-06-20,56.014866244041976
2017-06-21,56.00966471003128
2017-06-22,55.963177544458496
2017-06-23,55.9387667413265
2017-06-24,55.94190101148232
2017-06-25,55.932137394812045
2017-06-26,55.93363870326232
2017-06-27,55.92497735235472
2017-06-28,55.86486871728897
2017-06-29,55.861585895463385
2017-06-30,55.82779432274253
2017-07-01,55.79778284552079
2017-07-02,55.77276352721272
2017-07-03,55.73430136676076
2017-07-04,55.73809039744734
2017-07-05,55.70043578288761
2017-07-06,55.724331456099634
2017-07-07,55.70249905225988
2017-07-08,55.68881271412744
2017-07-09,55.688260032936654
2017-07-10,55.68632269429346
2017-07-11,55.64895050796
2017-07-12,55.63301296181994
2017-07-13,55.58198415338058
2017-07-14,55.59278095104921
2017-07-15,55.58207606928742
2017-07-16,55.57117223789766
2017-07-17,55.40397468522144
2017-07-18,55.36954087005771
2017-07-19,55.51458145349703
2017-07-20,55.46263027367649
2017-07-21,55.44754730735352
2017-07-22,55.43715491845597
2017-07-23,55.44211737769234
2017-07-24,55.4012902693
2017-07-25,55.009456742763845
2017-07-26,54.98354132820449
2017-07-27,54.8730232634372
2017-07-28,55.23178249215799
2017-07-29,54.70691550147991
2017-07-30,54.48923974280242
2017-07-31,53.52444454152605
2017-08-01,53.43625855738453
2017-08-02,53.31119568764809
2017-08-03,53.01756107739321
2017-08-04,52.45562718710389
2017-08-05,52.13911178946462
2017-08-06,51.85688663926862
2017-08-07,51.70823385621216
2017-08-08,51.61057743308785
2017-08-09,51.590837871665954
2017-08-10,51.54944566767455
2017-08-11,51.51292917209788
2017-08-12,51.442662803246094
2017-08-13,51.39129349496164
2017-08-14,51.37785265514791
2017-08-15,51.31741746416628
2017-08-16,51.30021422718014
2017-08-17,51.22992838866936
2017-08-18,51.12025654859546
2017-08-19,51.05496321859958
2017-08-20,50.934004030722605
2017-08-21,50.92970393884583
2017-08-22,50.822817220598665
2017-08-23,50.6590706339052
2017-08-24,50.60030513322194
2017-08-25,50.546813682626336
2017-08-26,50.48453090491029
2017-08-27,50.4453414841328
2017-08-28,50.41963575427781
2017-08-29,50.314252860074845
2017-08-30,50.23184938197085
2017-08-31,50.16266883566511
2017-09-01,50.13233580618966
2017-09-02,50.08478695644813
2017-09-03,50.04577383902988
2017-09-04,49.99789052361556
2017-09-05,49.95792552661081
2017-09-06,49.92540280671562
2017-09-07,49.9053233988356
2017-09-08,49.915774898720855
2017-09-09,49.9192769963601
2017-09-10,49.90994195843475
2017-09-11,49.861805585750105
2017-09-12,49.84316761091752
2017-09-13,49.80548176768896
2017-09-14,49.758326904573046
2017-09-15,49.66336581076179
2017-09-16,49.61805710616552
2017-09-17,49.59245966569197
2017-09-18,49.57455716158663
2017-09-19,49.55489772132227
2017-09-20,49.552651326417234
2017-09-21,49.51392586462919
2017-09-22,49.43735676963975
2017-09-23,49.42801296449838
2017-09-24,49.41667932828316
2017-09-25,49.00874654023933
2017-09-26,48.953867205984736
2017-09-27,48.92264577302089
2017-09-28,48.88891694640479
2017-09-29,48.91754810632835
2017-09-30,48.85169256131023
2017-10-01,48.83433423543049
2017-10-02,48.76912863910401
2017-10-03,48.73627031542783
2017-10-04,48.70875802507799
2017-10-05,48.49519142755285
2017-10-06,48.478173142057166
2017-10-07,48.44449247519376
2017-10-08,48.38558993498676
2017-10-09,48.296108525274754
2017-10-10,48.24043076526796
2017-10-11,48.23438853033654
2017-10-12,48.203758079286814
2017-10-13,48.221131122844334
2017-10-14,48.20342979932178
2017-10-15,48.131771200488885
2017-10-16,48.04029471233012
2017-10-17,47.964420476746845
2017-10-18,47.93401087563012
2017-10-19,47.84765749463445
2017-10-20,47.83321070873412
2017-10-21,47.82858508058336
2017-10-22,47.83297446625157
2017-10-23,47.70755645499524
2017-10-24,47.66904482247944
2017-10-25,47.620163802663086
2017-10-26,47.582921849876655
2017-10-27,47.56772956341616
2017-10-28,47.5509504260282
2017-10-29,47.51687943603108
2017-10-30,47.470651878928194
2017-10-31,47.41846111175149
2017-11-01,47.32168071020253
2017-11-02,47.2773770031313
2017-11-03,47.24512491687812
2017-11-04,47.22949969694969
2017-11-05,47.14948582894407
2017-11-06,47.14391507218013
2017-11-07,47.07445612527956
2017-11-08,47.034453676666416
2017-11-09,47.01516104789842
2017-11-10,46.90336795908001
2017-11-11,46.789834661530186
2017-11-12,46.12053855457593
2017-11-13,45.88163859016299
2017-11-14,45.822631991673774
2017-11-15,45.76493099640685
2017-11-16,45.61720763574376
2017-11-17,45.55040264944956
2017-11-18,45.510383564155774
2017-11-19,45.511329026815176
2017-11-20,45.41836886915043
2017-11-21,45.35843829258562
2017-11-22,45.336607243931496
2017-11-23,45.31042982849621
2017-11-24,45.38599414950792
2017-11-25,45.31039493695139
2017-11-26,45.24657088924291
2017-11-27,45.20903130956144
2017-11-28,45.13935031144901
2017-11-29,45.061259579102966
2017-11-30,45.01608998279044
2017-12-01,44.98223637409036
2017-12-02,44.95138711912103
2017-12-03,44.912532733904605
2017-12-04,44.871829621300925
2017-12-05,44.8330938375124
2017-12-06,44.767831710411606
2017-12-07,44.438039849631245
2017-12-08,44.33997894652525
2017-12-09,44.29677604446835
2017-12-10,44.26520269765524
2017-12-11,44.22561381137592
2017-12-12,43.89551560182922
2017-12-13,43.80219254384551
2017-12-14,43.75299340930295
2017-12-15,43.70234455673084
2017-12-16,43.68621518055324
2017-12-17,43.59170938731838
2017-12-18,43.56396632719644
2017-12-19,43.51306204021404
2017-12-20,43.245522577811
2017-12-21,43.2260184737024
2017-12-22,43.13766846783409
2017-12-23,43.14373255828524
2017-12-24,43.12057663819432
2017-12-25,43.1004314268704
2017-12-26,43.12197915268644
2017-12-27,43.10118806920861
2017-12-28,43.09381425715744
2017-12-29,43.06990136923896
2017-12-30,43.01704044430002
2017-12-31,42.95598256638503
2018-01-01,42.945384718092754
2018-01-02,42.87271330470159
2018-01-03,42.84962641249924
2018-01-04,42.80441873269045
2018-01-05,42.768707069587705
2018-01-06,42.80929471427389
2018-01-07,42.5650660718168
2018-01-08,42.59876133295773
2018-01-09,42.586687771100266
2018-01-10,42.5695410768246
2018-01-11,42.51656172829216
2018-01-12,42.44766863558736
2018-01-13,42.409535004835945
2018-01-14,42.3881876000926
2018-01-15,42.37345180558713
2018-01-16,42.329307046745264
2018-01-17,42.31643022784033
2018-01-18,42.302774324412745
2018-01-19,42.28612722263724
2018-01-20,42.262840019291616
2018-01-21,42.25112959799452
2018-01-22,42.19465684027536
2018-01-23,42.16544833829997
2018-01-24,42.23008684395251
2018-01-25,42.2098595064898
2018-01-26,42.18729179467493
2018-01-27,42.18029090390546
2018-01-28,42.14160767287616
2018-01-29,42.18500629376154
2018-01-30,42.17974888647742
2018-01-31,42.13658057404583
2018-02-01,42.10345564761326
2018-02-02,42.07011966668606
2018-02-03,42.05466300556586
2018-02-04,41.81261582882088
2018-02-05,41.68073377179524
2018-02-06,41.51865147494928
2018-02-07,41.49538219981035
2018-02-08,41.414318186807606
2018-02-09,41.414858651478745
2018-02-10,41.40038582714065
2018-02-11,41.38736106975546
2018-02-12,41.37432515382905
2018-02-13,41.36787224327386
2018-02-14,41.37137441196665
2018-02-15,41.35600201100599
2018-02-16,41.35916175928352
2018-02-17,41.35710864797581
2018-02-18,41.35283289367706
2018-02-19,41.39256476277107
2018-02-20,41.3996649840817
2018-02-21,41.386538127713074
2018-02-22,40.92448398445807
2018-02-23,40.90614323352272
2018-02-24,40.89997956699804
2018-02-25,40.89560177632074
2018-02-26,40.92471733473074
2018-02-27,40.91328362052888
2018-02-28,40.90320317730752
2018-03-01,40.874739779867234
2018-03-02,40.86776394832005
2018-03-03,40.86338887064274
2018-03-04,40.88406132399233
2018-03-05,40.90077480762928
2018-03-06,40.90738756794905
2018-03-07,40.90921012316206
2018-03-08,40.90660212204729
2018-03-09,40.90111490044666
2018-03-10,40.89666078910677
2018-03-11,40.88387868052448
2018-03-12,40.87771537683927
2018-03-13,40.875855318223294
2018-03-14,40.87906306813212
2018-03-15,40.89517636963634
2018-03-16,40.90100294092794
2018-03-17,40.899549130905655
2018-03-18,40.90413233784172
2018-03-19,40.91662428354808
2018-03-20,40.92482974513452
2018-03-21,40.94985294465049
2018-03-22,40.952133523953606
2018-03-23,41.08324530507769
2018-03-24,41.08076137396828
2018-03-25,41.09459139560872
2018-03-26,41.13683258014705
2018-03-27,41.15910279367725
2018-03-28,41.1741722460084
2018-03-29,41.18340576567327
2018-03-30,41.18995355445316
2018-03-31,41.1824786082754
2018-04-01,41.21906680430615
2018-04-02,41.22107116420762
2018-04-03,41.22543462709558
2018-04-04,41.2316259914744
2018-04-05,41.24426247679873
2018-04-06,41.25105176276383
2018-04-07,41.246043886408174
2018-04-08,41.23698740912848
2018-04-09,41.23867787200688
2018-04-10,41.31989699560699
2018-04-11,41.28597185037143
2018-04-12,41.29814440715232
2018-04-13,41.277615360373225
2018-04-14,41.28103836408122
2018-04-15,41.35630304065394
2018-04-16,41.35963091947431
2018-04-17,41.35210781638148
2018-04-18,41.35248435594904
2018-04-19,41.1435267787503
2018-04-20,41.15164897646388
2018-04-21,41.1290766442968
2018-04-22,41.1072308944362
2018-04-23,41.1654505625891
2018-04-24,41.18412520422109
2018-04-25,41.22339601330663
2018-04-26,41.15416971309014
2018-04-27,41.19306764440005
2018-04-28,41.20201021042461
2018-04-29,41.22238353631861
2018-04-30,41.21655505318054
2018-05-01,41.216348776725326
2018-05-02,41.14507845422862
2018-05-03,41.150998812134446
2018-05-04,41.16392934887373
2018-05-05,41.17246590999239
2018-05-06,41.195755842238974
2018-05-07,41.24285472568069
2018-05-08,41.25182960714994
2018-05-09,41.26195991959954
2018-05-10,41.23454809211415
2018-05-11,41.231902322546766
2018-05-12,41.27011306285543
2018-05-13,41.26828712673642
2018-05-14,41.1029409088374
2018-05-15,41.12552125891071
2018-05-16,41.14359390324282
2018-05-17,40.96579371767816
2018-05-18,41.009254515911536
2018-05-19,41.032188526427326
2018-05-20,41.16677598423949
2018-05-21,41.16416692575277
2018-05-22,41.17097376442828
2018-05-23,41.18861228748327
2018-05-24,41.18260285700882
2018-05-25,41.21281618293755
2018-05-26,41.22732152080403
2018-05-27,41.27303641228015
2018-05-28,41.29130011494031
2018-05-29,41.30366599541927
2018-05-30,41.31259353973703
2018-05-31,41.32778228939255
2018-06-01,41.37473592694184
2018-06-02,41.40122745890116
2018-06-03,41.42835739069928
2018-06-04,41.46992332811724
2018-06-05,41.49533978820146
2018-06-06,41.50145057873847
2018-06-07,41.599537034326666
2018-06-08,41.814978417114574
2018-06-09,41.8570762146637
2018-06-10,41.88808207248354
2018-06-11,41.90293718848954
2018-06-12,41.95472945455568
2018-06-13,41.935299042635286
2018-06-14,41.968336724462105
2018-06-15,42.02449997163001
2018-06-16,42.03600912642176
2018-06-17,42.06852511495903
2018-06-18,42.104003012580094
2018-06-19,42.127245438961246
2018-06-20,42.13033410306626
2018-06-21,42.09792361532463
2018-06-22,42.12556584028415
2018-06-23,42.16519991514484
2018-06-24,42.171591682662665
2018-06-25,42.17629929637332
2018-06-26,42.31382748461656
2018-06-27,42.36673160445004
2018-06-28,42.41972652154588
2018-06-29,42.45094318686196
2018-06-30,42.48917110862994
2018-07-01,42.53714324084454
2018-07-02,42.60727947426927
2018-07-03,42.63514172243268
2018-07-04,42.618256779411695
2018-07-05,42.64556820171599
2018-07-06,42.67248030347242
2018-07-07,42.69870893011884
2018-07-08,42.73663101292264
2018-07-09,42.75549542548636
2018-07-10,42.74287384322455
2018-07-11,42.75848116298426
2018-07-12,42.776378417502
2018-07-13,42.79184229740164
2018-07-14,42.81486969208216
2018-07-15,42.832057512513806
2018-07-16,42.83888051630807
2018-07-17,42.88232029673794
2018-07-18,42.89975991900545
2018-07-19,42.90713013984037
2018-07-20,42.92556511158882
2018-07-21,42.95504845453571
2018-07-22,42.98431320915643
2018-07-23,43.076047820127535
2018-07-24,43.364668043581325
2018-07-25,43.95489030069833
2018-07-26,44.267523044761866
2018-07-27,44.36387508020295
2018-07-28,44.82648308785003
2018-07-29,44.94971395508036
2018-07-30,45.10544153939281
2018-07-31,45.32456381822806
2018-08-01,45.38636364958908
2018-08-02,45.45048474318677
2018-08-03,45.73063501759898
2018-08-04,45.993957779497045
2018-08-05,46.06827258080464
2018-08-06,46.12300043095602
2018-08-07,46.21572589790082
2018-08-08,46.27641180636556
2018-08-09,46.34033854552748
2018-08-10,46.37581653562761
2018-08-11,46.4129584518352
2018-08-12,46.52706303675802
2018-08-13,46.53236774603705
2018-08-14,46.617512731059136
2018-08-15,46.68871013659154
2018-08-16,46.71553346226037
2018-08-17,46.79196690011542
2018-08-18,46.94585419598473
2018-08-19,46.95904023210787
2018-08-20,46.99681560100015
2018-08-21,47.0073644380784
2018-08-22,47.06923358708784
2018-08-23,47.06914020120542
2018-08-24,47.13977595913865
2018-08-25,47.13520882518856
2018-08-26,47.16631665685014
2018-08-27,47.164303087409685
2018-08-28,47.17775526815172
2018-08-29,47.19451632682303
2018-08-30,47.20574070819507
2018-08-31,47.2776872723308
2018-09-01,47.352711811724966
2018-09-02,47.41474374882584
2018-09-03,47.47583568334245
2018-09-04,47.51807071762863
2018-09-05,47.557822620567165
2018-09-06,47.682509856108354
2018-09-07,47.73723686132148
2018-09-08,47.811009194513765
2018-09-09,47.88848877720526
2018-09-10,47.95980536198869
2018-09-11,47.9828061024694
2018-09-12,48.02603590464198
2018-09-13,48.00564620330618
2018-09-14,48.0531065338902
2018-09-15,48.10416059877695
2018-09-16,48.15688520062693
2018-09-17,48.19909976669194
2018-09-18,48.21002172494815
2018-09-19,48.20780493395273
2018-09-20,48.24284345981671
2018-09-21,48.30169928967203
2018-09-22,48.34122369910222
2018-09-23,48.37315789351884
2018-09-24,48.38880484727599
2018-09-25,48.389048339591824
2018-09-26,48.405217735303
2018-09-27,48.44098241677533
2018-09-28,48.4102852034553
2018-09-29,48.4388452272132
2018-09-30,48.44227655248524
2018-10-01,48.487498757216805
2018-10-02,48.50167152170898
2018-10-03,48.53249850751961
2018-10-04,48.60082298581705
2018-10-05,48.705547090728494
2018-10-06,48.74877733271629
2018-10-07,48.79738709724008
2018-10-08,48.87657008779495
2018-10-09,48.89923736077387
2018-10-10,48.91789486328901
2018-10-11,49.01569755187716
2018-10-12,49.097944454067786
2018-10-13,49.15761894974585
2018-10-14,49.25178643796566
2018-10-15,49.28226164425392
2018-10-16,49.28679260529034
2018-10-17,49.33965657141604
2018-10-18,49.5811700958201
2018-10-19,49.70425108129192
2018-10-20,49.819457898298666
2018-10-21,49.85920495562928
2018-10-22,49.90221191389069
2018-10-23,49.91405657928888
2018-10-24,49.94556949834226
2018-10-25,49.98728896146957
2018-10-26,50.05253061537496
2018-10-27,50.137560960985546
2018-10-28,50.29380129890943
2018-10-29,50.371308364670966
2018-10-30,50.42905350301805
2018-10-31,50.55275707168646
2018-11-01,50.64347143144428
2018-11-02,50.71889382335928
2018-11-03,50.78590386078877
2018-11-04,50.83946690967868
2018-11-05,50.91361680387473
2018-11-06,50.945632485971856
2018-11-07,51.16497849401063
2018-11-08,51.330759020985866
2018-11-09,51.42510175304856
2018-11-10,51.5986814948125
2018-11-11,51.67631119937829
2018-11-12,51.849564128761166
2018-11-13,52.00849163297313
2018-11-14,51.99391647191051
2018-11-15,52.00750258084638
2018-11-16,52.12945694952703
2018-11-17,52.2084784836213
2018-11-18,52.26055243787735
2018-11-19,52.328434147160806
2018-11-20,52.32972931933831
2018-11-21,52.41991766489451
2018-11-22,52.456913303287536
2018-11-23,52.5793294871876
2018-11-24,52.729370252225685
2018-11-25,52.8091836529368
2018-11-26,52.86560128494257
2018-11-27,52.96310679388422
2018-11-28,52.92716764999181
2018-11-29,52.8036685563479
2018-11-30,52.34860140382576
2018-12-01,52.17692559202463
2018-12-02,52.44279016318088
2018-12-03,52.08106957487954
2018-12-04,50.71456269406537
2018-12-05,50.26077373645583
2018-12-06,49.91462488641885
2018-12-07,50.12361272878058
2018-12-08,50.47521659956344
2018-12-09,50.61236388943599
2018-12-10,50.67430362492837
2018-12-11,50.76699861868462
2018-12-12,50.89656985662194
2018-12-13,50.947426486626725
2018-12-14,51.00180621758982
2018-12-15,51.15791440004912
2018-12-16,51.24392690421744
2018-12-17,51.34031310873887
2018-12-18,51.38514978442402
2018-12-19,51.45220460637992
2018-12-20,51.48830648861968
2018-12-21,51.56732098868104
2018-12-22,51.715639772376015
2018-12-23,51.80166837445304
2018-12-24,51.893376937820605
2018-12-25,52.47067466500646
2018-12-26,52.860870203226256
2018-12-27,52.97418694434128
2018-12-28,53.05680908431878
2018-12-29,53.12373041508586
2018-12-30,53.24995688610541
2018-12-31,53.34243751758021
2019-01-01,53.41214899897294
2019-01-02,53.87480655186357
2019-01-03,53.93816417927543
2019-01-04,54.00530599670394
2019-01-05,54.07657812920477
2019-01-06,54.1476287366048
2019-01-07,54.2514228207744
2019-01-08,54.276211970398826
2019-01-09,54.3634531716971
2019-01-10,54.35472359545932
2019-01-11,53.8428749460713
2019-01-12,54.01630058855131
2019-01-13,54.10833216057922
2019-01-14,54.11924725204324
2019-01-15,53.75321284416997
2019-01-16,53.72639516396537
2019-01-17,53.80629073745152
2019-01-18,53.89173129407487
2019-01-19,53.95906261559933
2019-01-20,54.02922538049533
2019-01-21,54.252675027909234
2019-01-22,54.28450836570772
2019-01-23,54.34868662438292
2019-01-24,54.44819905278268
2019-01-25,54.52521711107848
2019-01-26,54.60137699905389
2019-01-27,54.69554013139104
2019-01-28,54.79054150927553
2019-01-29,54.84618042645256
2019-01-30,54.95153546506548
2019-01-31,55.047779642502086
2019-02-01,55.18023380961217
2019-02-02,55.2468673017033
2019-02-03,55.38398266446015
2019-02-04,55.5177780783933
2019-02-05,55.54964914433452
2019-02-06,55.54957400062773
2019-02-07,55.62413191621205
2019-02-08,55.68618490378949
2019-02-09,55.779064872061966
2019-02-10,55.91324103761666
2019-02-11,55.95948759920493
2019-02-12,56.005165742311696
2019-02-13,55.9907656303994
2019-02-14,56.00931611855572
2019-02-15,56.09998454960972
2019-02-16,56.13582808684132
2019-02-17,56.720865464689375
2019-02-18,56.752878322516885
2019-02-19,56.76778460612637
2019-02-20,56.68356374983048
2019-02-21,56.72796391290005
2019-02-22,56.75099100433546
2019-02-23,56.90366956276047
2019-02-24,56.97486329771479
2019-02-25,57.00060598535839
2019-02-26,57.03027585107231
2019-02-27,57.10148867210721
2019-02-28,57.00361424586779
2019-03-01,57.04229681894312
2019-03-02,57.070779524246745
2019-03-03,57.13541722991144
2019-03-04,57.18696435329704
2019-03-05,57.18526527478944
2019-03-06,57.236611433263285
2019-03-07,57.25877432539764
2019-03-08,57.35821200345202
2019-03-09,57.396285970910974
2019-03-10,57.410680412910594
2019-03-11,57.46910337132201
2019-03-12,57.46510909804322
2019-03-13,57.50453295031837
2019-03-14,57.56019141813617
2019-03-15,57.57045881813215
2019-03-16,57.61270176727012
2019-03-17,57.660923015715134
2019-03-18,57.67980468854335
2019-03-19,57.684275752499616
2019-03-20,57.6876493548552
2019-03-21,57.66113354481869
2019-03-22,57.72537817035417
2019-03-23,57.74197035040278
2019-03-24,57.75809708896661
2019-03-25,57.86776626729199
2019-03-26,57.82088962400585
2019-03-27,57.85000031225924
2019-03-28,57.86601155806851
2019-03-29,57.76728634410744
2019-03-30,57.801341395098575
2019-03-31,57.78377432010401
2019-04-01,57.78494768876674
2019-04-02,57.77609525900784
2019-04-03,57.7898576830448
2019-04-04,57.81081807816018
2019-04-05,57.87975464368143
2019-04-06,57.901009040013925
2019-04-07,57.946314856434135
2019-04-08,57.95363142620279
2019-04-09,57.960225368787086
2019-04-10,57.95111153190254
2019-04-11,57.97175505706129
2019-04-12,57.93217711478543
2019-04-13,57.94369670363053
2019-04-14,57.77870403008538
2019-04-15,57.9328367596727
2019-04-16,57.98201412965079
2019-04-17,57.97072538698656
2019-04-18,57.99546422704356
2019-04-19,58.080919178245125
2019-04-20,58.10669990082989
2019-04-21,58.11471490314046
2019-04-22,58.06621431317712
2019-04-23,58.19449395527492
2019-04-24,58.2194011227533
2019-04-25,58.2487785521052
2019-04-26,58.186078879744606
2019-04-27,58.29656389031479
2019-04-28,58.30613457528232
2019-04-29,58.283860063667085
2019-04-30,58.30230784506643
2019-05-01,58.00639359350843
2019-05-02,58.011163293714645
2019-05-03,58.01580090117961
2019-05-04,58.052549578915695
2019-05-05,58.05462966785095
2019-05-06,58.05209307479976
2019-05-07,58.00356173475705
2019-05-08,57.993200078462806
2019-05-09,58.188202091592814
2019-05-10,58.22202239824567
2019-05-11,58.204900601696416
2019-05-12,58.43474157976375
2019-05-13,58.36110284009914
2019-05-14,58.17827707357749
2019-05-15,58.12885249790994
2019-05-16,58.09613140524903
2019-05-17,58.113905563546965
2019-05-18,58.164866204890096
2019-05-19,58.2123044799514
2019-05-20,58.15565248663793
2019-05-21,58.08408140730864
2019-05-22,58.0031016336776
2019-05-23,57.99317096021378
2019-05-24,58.05009153312912
2019-05-25,58.07955260406352
2019-05-26,58.06439455274916
2019-05-27,58.047230493065086
2019-05-28,58.0127660222548
2019-05-29,57.94477194074836
2019-05-30,57.948802987512174
2019-05-31,57.996828117819206
2019-06-01,58.02539492090305
2019-06-02,58.04530634865063
2019-06-03,57.97124746884823
2019-06-04,57.74448054436984
2019-06-05,57.50939644522197
2019-06-06,57.52562236367172
2019-06-07,57.53010511178904
2019-06-08,57.59334237453918
2019-06-09,57.60137992733607
2019-06-10,57.57551443006685
2019-06-11,57.55166284029028
2019-06-12,57.58852531032464
2019-06-13,57.60265645801093
2019-06-14,57.529022050046166
2019-06-15,57.5547349254733
2019-06-16,57.58476275189227
2019-06-17,57.57378082726935
2019-06-18,57.55477619710977
2019-06-19,57.44668905777266
2019-06-20,57.43803979120758
2019-06-21,57.3818827149032
2019-06-22,57.31644554066629
2019-06-23,57.31757015602104
2019-06-24,57.27480136298236
2019-06-25,57.17594913073213
2019-06-26,57.4804974539647
2019-06-27,57.40166731142939
2019-06-28,57.21510865629617
2019-06-29,57.20356431925516
2019-06-30,57.08373097221372
2019-07-01,57.16336241345937
2019-07-02,57.12075957334412
2019-07-03,57.05616713539575
2019-07-04,56.96181180025429
2019-07-05,56.93971169835064
2019-07-06,56.96766166639143
2019-07-07,56.96784092945044
2019-07-08,56.95191821716658
2019-07-09,56.924727161650125
2019-07-10,56.892144609700914
2019-07-11,56.82425917806281
2019-07-12,56.83742890566936
2019-07-13,56.84287151186678
2019-07-14,56.84452234350455
2019-07-15,56.85187791530301
2019-07-16,56.84750457025056
2019-07-17,56.83703884489255
2019-07-18,56.834781115918354
2019-07-19,56.73158955550832
2019-07-20,56.72872707692394
2019-07-21,56.72252896860493
2019-07-22,56.71435605142975
2019-07-23,56.7143774317648
2019-07-24,56.53284675216037
2019-07-25,56.525916756924026
2019-07-26,56.54279045468712
2019-07-27,56.54819788968191
2019-07-28,56.553295356155125
2019-07-29,55.45044617466512
2019-07-30,55.44442937888561
2019-07-31,55.44805115501012
2019-08-01,55.4319394706313
2019-08-02,55.44168601345921
2019-08-03,55.49995995768395
2019-08-04,55.54519492446048
2019-08-05,55.26842191312644
2019-08-06,55.21253946926436
2019-08-07,55.198964280496256
2019-08-08,55.20634199202045
2019-08-09,55.21660980371088
2019-08-10,55.22683177564341
2019-08-11,55.226068359807776
2019-08-12,55.26604572936353
2019-08-13,55.2355357637364
2019-08-14,55.25608258725671
2019-08-15,55.26723143206959
2019-08-16,55.30147002485928
2019-08-17,55.35007115994911
2019-08-18,55.395612346802864
2019-08-19,55.37250990447202
2019-08-20,55.43296062058043
2019-08-21,55.4496248351684
2019-08-22,55.52809672672029
2019-08-23,55.63626192146157
2019-08-24,55.705530269374655
2019-08-25,55.74870984540495
2019-08-26,55.757199365320574
2019-08-27,55.70475540320706
2019-08-28,55.7028561022926
2019-08-29,55.71650982466351
2019-08-30,55.73176842061761
2019-08-31,55.74863402929669
2019-09-01,55.75818718837764
2019-09-02,55.76607176353941
2019-09-03,55.74531168273678
2019-09-04,55.70807176414706
2019-09-05,55.66677307753055
2019-09-06,55.17404289632505
2019-09-07,55.17959392517055
2019-09-08,55.20388160475072
2019-09-09,55.19117409150802
2019-09-10,55.19494782779911
2019-09-11,55.18841767877289
2019-09-12,55.19469775674324
2019-09-13,55.18707915790319
2019-09-14,55.212150051683125
2019-09-15,55.21818858895555
2019-09-16,55.216171593246415
2019-09-17,55.23720108460898
2019-09-18,55.18150346743112
2019-09-19,55.18101947122391
2019-09-20,55.19113309330472
2019-09-21,55.20200803011488
2019-09-22,55.20820621200634
2019-09-23,55.223453122885154
2019-09-24,55.10260088886909
2019-09-25,55.10219046796993
2019-09-26,55.1124041453316
2019-09-27,55.12306575365804
2019-09-28,55.119932951514
2019-09-29,55.1357224842776
2019-09-30,55.12960657224993
2019-10-01,55.13311439134517
2019-10-02,55.12698385316037
2019-10-03,55.15531952067448
2019-10-04,55.16078383154109
2019-10-05,55.2087019553587
2019-10-06,55.23792775453897
2019-10-07,55.23120793480141
2019-10-08,55.151509657671525
2019-10-09,55.15848832915909
2019-10-10,55.249970114499
2019-10-11,55.25276501257001
2019-10-12,55.27750582024935
2019-10-13,55.29329764822936
2019-10-14,54.80399980436162
2019-10-15,54.68973452704468
2019-10-16,54.67880171681833
2019-10-17,54.73212741888525
2019-10-18,54.7372560827913
2019-10-19,54.75376866556714
2019-10-20,54.77847159117418
2019-10-21,54.80572101379852
2019-10-22,54.79246665030325
2019-10-23,54.784182576558486
2019-10-24,54.76368381837745
2019-10-25,54.71194044350933
2019-10-26,54.83806238169515
2019-10-27,54.85923104206017
2019-10-28,54.8454851562409
2019-10-29,54.82418878925085
2019-10-30,54.82767051303038
2019-10-31,54.83972868001997
2019-11-01,54.645600850392405
2019-11-02,54.64564830275764
2019-11-03,54.64684862785818
2019-11-04,54.67742338046121
2019-11-05,54.559004340744266
2019-11-06,54.43149937448428
2019-11-07,54.41676347020013
2019-11-08,54.411441633895
2019-11-09,54.46159957113261
2019-11-10,54.51443159418812
2019-11-11,54.52272869616016
2019-11-12,54.50867552729848
2019-11-13,54.37980554762809
2019-11-14,54.44002103319766
2019-11-15,54.44574154705664
2019-11-16,54.47358665328272
2019-11-17,54.48303062967052
2019-11-18,54.42071850927935
2019-11-19,54.43109486625685
2019-11-20,54.46801304850773
2019-11-21,54.45790421959992
2019-11-22,54.63859910209925
2019-11-23,54.607980934771895
2019-11-24,54.552299272719424
2019-11-25,55.02148775425488
2019-11-26,55.316712804568255
2019-11-27,55.293855377416335
2019-11-28,55.84503784693019
2019-11-29,57.463610058369525
2019-11-30,58.37221033111733
2019-12-01,59.05193826022068
2019-12-02,59.07817863428546
2019-12-03,59.06276878152376
2019-12-04,59.02522937809118
2019-12-05,59.04779630090404
2019-12-06,59.06741522094773
2019-12-07,59.08157994388933
2019-12-08,59.105257281204565
2019-12-09,59.11141521974029
2019-12-10,59.11420629131021
2019-12-11,59.10186196740245
2019-12-12,59.10254109407004
2019-12-13,59.14955958587868
2019-12-14,59.16139189808805
2019-12-15,59.17318798350591
2019-12-16,59.17536194982605
2019-12-17,59.16547919967615
2019-12-18,59.15329134649633
2019-12-19,59.15593670299672
2019-12-20,59.06449155181209
2019-12-21,59.06077683859087
2019-12-22,59.06136312328649
2019-12-23,59.06041439693226
2019-12-24,59.06537320878876
2019-12-25,59.06158143518217
2019-12-26,58.99012254946588
2019-12-27,58.9947279917378
2019-12-28,59.00448262280323
2019-12-29,59.01256445218128
2019-12-30,59.02206675564478
2019-12-31,59.01559755614023
2020-01-01,59.029312221476
2020-01-02,58.982891845921856
2020-01-03,58.98783990438631
2020-01-04,58.987021656112745
2020-01-05,58.99116888413673
2020-01-06,58.995187782301706
2020-01-07,58.98308213501671
2020-01-08,58.9668937808618
2020-01-09,59.08663454429461
2020-01-10,59.46825146750339
2020-01-11,59.55154081558463
2020-01-12,59.59954640608331
2020-01-13,59.5884354865356
2020-01-14,59.59190696890722
2020-01-15,59.54902630115567
2020-01-16,59.60302631260225
2020-01-17,59.59998722936015
2020-01-18,59.60290219458926
2020-01-19,59.59914585420084
2020-01-20,59.632805234397786
2020-01-21,59.61189082651545
2020-01-22,59.593732600643925
2020-01-23,59.550059275110776
2020-01-24,59.52398397126489
2020-01-25,59.52237114932984
2020-01-26,59.51881027382796
2020-01-27,59.65297795472167
2020-01-28,59.63455355920441
2020-01-29,59.57375500781513
2020-01-30,59.57066178806905
2020-01-31,59.5300728529167
2020-02-01,59.54042686033468
2020-02-02,59.49289698568406
2020-02-03,59.07074542472257
2020-02-04,59.060538461538464
2020-02-05,59.04935067503645
2020-02-06,59.02397703320265
2020-02-07,58.56249323690046
2020-02-08,58.56828224076805
2020-02-09,58.5815193096184
2020-02-10,58.46518342633788
2020-02-11,58.53877818610696
2020-02-12,58.54226452862903
2020-02-13,58.50724940807434
2020-02-14,58.5140078363522
2020-02-15,58.55645319310209
2020-02-16,58.69408233591512
2020-02-17,58.69963897609472
2020-02-18,58.680025569202826
2020-02-19,58.61996696075725
2020-02-20,58.63379521383689
2020-02-21,58.61832848700872
2020-02-22,58.63367807215383
2020-02-23,59.000155205158734
2020-02-24,59.00212769457712
2020-02-25,58.99337080191912
2020-02-26,58.97740580727225
2020-02-27,58.98350038347616
2020-02-28,58.99864112336725
2020-02-29,59.023532797106014
2020-03-01,59.03141125973861
2020-03-02,58.97631189304296
2020-03-03,58.90156722498223
2020-03-04,58.90878231418488
2020-03-05,58.9053490412964
2020-03-06,58.921897594321024
2020-03-07,58.9229389071328
2020-03-08,58.969592124739805
2020-03-09,58.9293096660335
2020-03-10,58.89315526607703
2020-03-11,58.86963853113066
2020-03-12,58.80523089202048
2020-03-13,58.68347820375277
2020-03-14,58.64281257525669
2020-03-15,58.63741689597576
2020-03-16,58.6910418594521
2020-03-17,58.63460045274198
2020-03-18,58.62944120775463
2020-03-19,58.6151527254225
2020-03-20,58.620491201503775
2020-03-21,58.62686609619596
2020-03-22,58.62175644335536
2020-03-23,58.60831993349304
2020-03-24,58.60289465121176
2020-03-25,58.54961009701093
2020-03-26,58.50132322867797
2020-03-27,58.530395784047805
2020-03-28,58.55341724514575
2020-03-29,58.586687737200656
2020-03-30,58.6174371923841
2020-03-31,58.61828633074889
2020-04-01,58.62012530157351
2020-04-02,58.62943782455895
2020-04-03,58.64067406018879
2020-04-04,58.670122483183896
2020-04-05,58.69958640037231
2020-04-06,58.70571342431876
2020-04-07,58.67406721328844
2020-04-08,58.6613651678092
2020-04-09,58.66772991289098
2020-04-10,58.68315916016906
2020-04-11,58.702937549572816
2020-04-12,58.717744523746624
2020-04-13,58.740576082815856
2020-04-14,58.74369446160361
2020-04-15,58.73581280790865
2020-04-16,58.774250922026056
2020-04-17,58.77625502024464
2020-04-18,59.02517133263077
2020-04-19,59.02565959772365
2020-04-20,59.03937301592928
2020-04-21,59.03554974144602
2020-04-22,59.03035249945884
2020-04-23,59.01635322307607
2020-04-24,59.01435093696763
2020-04-25,59.3128377881164
2020-04-26,59.33552658831122
2020-04-27,59.36086156569433
2020-04-28,59.35250955677802
2020-04-29,59.28907853139545
2020-04-30,59.279473258382886
2020-05-01,59.27872517652161
2020-05-02,59.3462999156769
2020-05-03,59.47625443489836
2020-05-04,59.51029924251295
2020-05-05,59.534927284400304
2020-05-06,59.4872516665369
2020-05-07,59.4370519665697
2020-05-08,59.48720377495716
2020-05-09,59.493973713174654
2020-05-10,59.48990138412729
2020-05-11,59.48629451127393
2020-05-12,59.51443266037332
2020-05-13,59.56638758259064
2020-05-14,59.61726546987647
2020-05-15,59.65060911609199
2020-05-16,59.67475485688604
2020-05-17,59.70090371442407
2020-05-18,59.85344250700472
2020-05-19,59.8771462814472
2020-05-20,59.89910743866395
2020-05-21,59.90275122057364
2020-05-22,59.93924426590221
2020-05-23,60.01541541944464
2020-05-24,60.04762057578744
2020-05-25,60.08330931104065
2020-05-26,60.09499920321845
2020-05-27,60.1124687488613
2020-05-28,60.121029032284376
2020-05-29,60.21190443173754
2020-05-30,60.86415819100898
2020-05-31,60.876217860393695
2020-06-01,60.79414083526808
2020-06-02,60.7719342123148
2020-06-03,60.75193398490869
2020-06-04,60.768471337060205
2020-06-05,60.78660841306781
2020-06-06,60.85164915805369
2020-06-07,60.87354091419285
2020-06-08,60.77675221999864
2020-06-09,60.769057689109474
2020-06-10,60.78156851726756
2020-06-11,60.86322299116665
2020-06-12,60.90259340124307
2020-06-13,61.05013353184252
2020-06-14,61.04785081806975
2020-06-15,61.105060475568
2020-06-16,61.16559667642941
2020-06-17,61.20260240618267
2020-06-18,61.240985748315296
2020-06-19,61.28466465753067
2020-06-20,61.47007892406885
2020-06-21,61.53827519511423
2020-06-22,61.65711849401745
2020-06-23,61.64720475710223
2020-06-24,61.72047425403611
2020-06-25,61.73592315679264
2020-06-26,61.75598376599047
2020-06-27,61.81584695922631
2020-06-28,61.89617352229895
2020-06-29,61.88977091892496
2020-06-30,61.91203895481313
2020-07-01,61.90914371644328
2020-07-02,61.96098761598648
2020-07-03,62.00615013828312
2020-07-04,62.04001665279839
2020-07-05,62.19657681275052
2020-07-06,62.34480722441034
2020-07-07,62.31885277084777
2020-07-08,62.226728227636656
2020-07-09,62.232053127041695
2020-07-10,62.26896966730677
2020-07-11,62.29896919522568
2020-07-12,62.31963609551408
2020-07-13,62.56416919802541
2020-07-14,62.5192114372949
2020-07-15,62.4907154752928
2020-07-16,62.49823295678
2020-07-17,62.49391933380634
2020-07-18,62.6858697244024
2020-07-19,62.691777615906176
2020-07-20,62.70650287449832
2020-07-21,62.66416216257257
2020-07-22,62.62089689192003
2020-07-23,63.06769924725591
2020-07-24,63.08589363246976
2020-07-25,63.09920281611632
2020-07-26,63.11109496562729
2020-07-27,63.07381559871484
2020-07-28,62.984681693118816
2020-07-29,63.01801403760239
2020-07-30,63.1115936945879
2020-07-31,63.32440913553089
2020-08-01,63.4510589560422
2020-08-02,63.43943075528016
2020-08-03,63.42974691502554
2020-08-04,63.4019216730446
2020-08-05,63.40399611324904
2020-08-06,63.36782199062396
2020-08-07,63.355407610992735
2020-08-08,63.35982985871229
2020-08-09,63.378481617579325
2020-08-10,63.38373675575985
2020-08-11,63.372405737553926
2020-08-12,63.2896220926138
2020-08-13,63.30079621060524
2020-08-14,63.3147590214604
2020-08-15,63.32157582401869
2020-08-16,63.31404962706312
2020-08-17,63.20411033764106
2020-08-18,63.19082068568111
2020-08-19,63.18834167414461
2020-08-20,63.168180592364266
2020-08-21,63.16787880855414
2020-08-22,63.17041329509816
2020-08-23,63.17913557426064
2020-08-24,63.19528296319397
2020-08-25,63.17502640644431
2020-08-26,63.08900721966938
2020-08-27,63.10163290848697
2020-08-28,63.03201112074649
2020-08-29,63.17308181547538
2020-08-30,63.20721893945914
2020-08-31,63.69291246103778
2020-09-01,63.65015459601812
2020-09-02,63.614042360438766
2020-09-03,63.60741169658368
2020-09-04,63.57223099459192
2020-09-05,63.567759090333546
2020-09-06,63.55269252162696
2020-09-07,63.5540466329233
2020-09-08,63.53882518684111
2020-09-09,63.52798418138392
2020-09-10,63.51369232383799
2020-09-11,63.50582049506664
2020-09-12,63.49865800926682
2020-09-13,63.4951872733724
2020-09-14,63.48702350188593
2020-09-15,63.494282214428445
2020-09-16,63.43592630567957
2020-09-17,63.41131575119385
2020-09-18,63.43774028504904
2020-09-19,63.48688806462427
2020-09-20,63.49018787292895
2020-09-21,63.508646822434
2020-09-22,63.540806176069886
2020-09-23,63.5358804805688
2020-09-24,63.50794694182477
2020-09-25,63.4966
2020-09-26,63.49318115359606
2020-09-27,63.48298118893864
2020-09-28,63.47754299509963
2020-09-29,63.39319925830529
2020-09-30,63.32482551588663
2020-10-01,63.325216748480976
2020-10-02,63.40098194277908
2020-10-03,63.41989808241265
2020-10-04,63.42966430914032
2020-10-05,63.43071525281242
2020-10-06,63.41381344683003
2020-10-07,63.379027731483305
2020-10-08,63.364165462476535
2020-10-09,63.3824394480957
2020-10-10,63.3935370510108
2020-10-11,63.40832973253252
2020-10-12,63.41092867369904
2020-10-13,63.40649058103721
2020-10-14,63.366696008597366
2020-10-15,63.41189583248957
2020-10-16,63.45010613303699
2020-10-17,63.456513428580685
2020-10-18,63.478679549375165
2020-10-19,63.230422860067605
2020-10-20,63.21514385376159
2020-10-21,63.19936469683817
2020-10-22,63.14830088046512
2020-10-23,62.6673137163558
2020-10-24,62.662203944065816
2020-10-25,62.6418377701492
2020-10-26,62.706274139818255
2020-10-27,62.66608556732746
2020-10-28,62.64048750238144
2020-10-29,62.58026271762712
2020-10-30,62.66389657907944
2020-10-31,62.71582662378311
2020-11-01,62.708756080161535
2020-11-02,62.5674351317546
2020-11-03,62.1690979088709
2020-11-04,62.11833355364856
2020-11-05,62.00776964180122
2020-11-06,61.94081437554759
2020-11-07,61.97919277460062
2020-11-08,61.96455493399936
2020-11-09,61.95855837875596
2020-11-10,61.94290058614535
2020-11-11,61.893491018942655
2020-11-12,61.86742308818668
2020-11-13,61.8250759334202
2020-11-14,61.798984007830256
2020-11-15,61.88901651066253
2020-11-16,61.94644272589724
2020-11-17,61.89665087920217
2020-11-18,62.10718256231864
2020-11-19,62.0913443187185
2020-11-20,62.04827128527015
2020-11-21,62.10219359387786
2020-11-22,62.08404509184447
2020-11-23,62.08853845784829
2020-11-24,61.97942515700762
2020-11-25,61.94932147474886
2020-11-26,61.73067692796879
2020-11-27,61.64749185039321
2020-11-28,61.67281095560883
2020-11-29,61.65612746194231
2020-11-30,61.58468341819017
2020-12-01,61.518048822015054
2020-12-02,61.475442445454
2020-12-03,61.36764726481645
2020-12-04,61.367578260522905
2020-12-05,61.37031642071489
2020-12-06,61.36931207582804
2020-12-07,61.28229226422768
2020-12-08,61.20382043472056
2020-12-09,61.15351524924569
2020-12-10,61.10675891322695
2020-12-11,60.96152193230471
2020-12-12,60.85920916867177
2020-12-13,60.7625434160999
2020-12-14,60.721185491513744
2020-12-15,60.64423317151337
2020-12-16,60.52157463238244
2020-12-17,60.46201796295638
2020-12-18,60.35920787132648
2020-12-19,60.303410091113406
2020-12-20,60.12936050502
2020-12-21,60.04000637328731
2020-12-22,59.82457990260749
2020-12-23,59.746186636812816
2020-12-24,59.73579750034714
2020-12-25,59.72707829684819
2020-12-26,59.68606345731393
2020-12-27,59.6296436608789
2020-12-28,59.375148650495646
2020-12-29,59.31354530931444
2020-12-30,59.26010538101754
2020-12-31,59.19030953471068
2021-01-01,59.14846356708088
2021-01-02,58.83361056119814
2021-01-03,58.67478546019078
2021-01-04,58.51958515120594
2021-01-05,58.44536987981293
2021-01-06,58.37782633857116
2021-01-07,58.23326651970178
2021-01-08,58.15338320714302
2021-01-09,58.05870196495983
2021-01-10,58.00189710057644
2021-01-11,57.93862863054476
2021-01-12,57.97900980069553
2021-01-13,57.94142464124286
2021-01-14,57.8901892685969
2021-01-15,57.7911052430124
2021-01-16,57.76844973025044
2021-01-17,57.743845033695685
2021-01-18,57.71506887161917
2021-01-19,57.6797911971496
2021-01-20,57.65195670856536
2021-01-21,57.62283896209988
2021-01-22,57.60498944521832
2021-01-23,57.618447872360434
2021-01-24,57.61783431276035
2021-01-25,57.6209888019602
2021-01-26,57.60553531706373
2021-01-27,57.40075240607147
2021-01-28,57.37266456063439
2021-01-29,57.32900401038994
2021-01-30,57.28325382755842
2021-01-31,57.19632249850934
2021-02-01,57.20042445897864
2021-02-02,57.17732736765211
2021-02-03,57.15007575786058
2021-02-04,57.13875645625856
2021-02-05,57.07286879739041
2021-02-06,57.056150444806505
2021-02-07,57.05085391052573
2021-02-08,56.998776818837634
2021-02-09,56.939137564256896
2021-02-10,56.88937609796536
2021-02-11,56.85383406993175
2021-02-12,56.81186178165625
2021-02-13,56.809478511683736
2021-02-14,56.79010422481985
2021-02-15,56.776176052380286
2021-02-16,56.72424057977549
2021-02-17,56.77830537803391
2021-02-18,56.735751954393365
2021-02-19,56.67466111818921
2021-02-20,56.59667654990139
2021-02-21,56.5517428641496
2021-02-22,56.52001667743438
2021-02-23,56.38635256342841
2021-02-24,56.27297983930464
2021-02-25,56.20287648353724
2021-02-26,56.17825436168158
2021-02-27,56.15942797917232
2021-02-28,56.14772441983971
2021-03-01,56.14410737782698
2021-03-02,56.03860409481256
2021-03-03,56.01871052695096
2021-03-04,56.00486997750049
2021-03-05,55.941571229522175
2021-03-06,55.93224334776124
2021-03-07,56.0110662737664
2021-03-08,56.12371163319947
2021-03-09,56.16677775102697
2021-03-10,56.17787481461544
2021-03-11,56.14903880436968
2021-03-12,56.245630269491286
2021-03-13,56.238784157897776
2021-03-14,56.21327850344643
2021-03-15,56.2348166548557
2021-03-16,56.217188547757786
2021-03-17,56.15585878791387
2021-03-18,56.15983687172756
2021-03-19,56.17092028143529
2021-03-20,56.13585393041651
2021-03-21,56.13067814612408
2021-03-22,56.13573063716139
2021-03-23,56.05695101360856
2021-03-24,56.02379566940356
2021-03-25,55.93947099404
2021-03-26,55.91659277728875
2021-03-27,55.88655907872377
2021-03-28,55.875919255510176
2021-03-29,55.87637171621076
2021-03-30,55.856352170668906
2021-03-31,55.79960268043413
2021-04-01,55.689745927110565
2021-04-02,55.65910914261537
2021-04-03,55.66863085219018
2021-04-04,55.72509522786945
2021-04-05,55.724739485718565
2021-04-06,55.64424995314717
2021-04-07,55.61988661675005
2021-04-08,55.631611494582735
2021-04-09,55.632515752261845
2021-04-10,55.62494693309421
2021-04-11,55.56502674495293
2021-04-12,55.50231678502184
2021-04-13,55.462814106664446
2021-04-14,55.37374878163272
2021-04-15,55.281924077786925
2021-04-16,55.28490230677711
2021-04-17,55.28859603491128
2021-04-18,55.30612201211077
2021-04-19,55.33921245650593
2021-04-20,55.29125564689527
2021-04-21,55.26803454001495
2021-04-22,55.28549750170959
2021-04-23,55.241107501860654
2021-04-24,55.20665385090738
2021-04-25,55.24273128672476
2021-04-26,55.24272568187788
2021-04-27,55.12968162965729
2021-04-28,55.11760413824831
2021-04-29,55.049121513844064
2021-04-30,54.976827130705296
2021-05-01,55.0001048327917
2021-05-02,55.00878080609276
2021-05-03,55.062354067395056
2021-05-04,55.035076789468135
2021-05-05,55.050443269569605
2021-05-06,55.05985173683074
2021-05-07,54.99151470757288
2021-05-08,55.004728929930565
2021-05-09,54.984482907943146
2021-05-10,54.9731545131028
2021-05-11,54.95778190211564
2021-05-12,54.877221321263214
2021-05-13,54.83236287952725
2021-05-14,54.81062943939969
2021-05-15,54.8072782582717
2021-05-16,54.79099450082568
2021-05-17,54.77495918536391
2021-05-18,54.733681642127934
2021-05-19,54.64914508129183
2021-05-20,54.63866755437954
2021-05-21,54.59410700784645
2021-05-22,54.58637103638191
2021-05-23,54.51465279258168
2021-05-24,54.38780031734668
2021-05-25,54.37033689185066
2021-05-26,54.35619467253728
2021-05-27,54.45406667535615
2021-05-28,54.45856968031661
2021-05-29,54.47048489351508
2021-05-30,54.41658864040961
2021-05-31,54.43402066205528
2021-06-01,54.33919280499463
2021-06-02,54.31785396531081
2021-06-03,54.25751920051522
2021-06-04,54.27694362328375
2021-06-05,54.28994590900111
2021-06-06,54.29579098951712
2021-06-07,54.271908533401394
2021-06-08,54.26323570238756
2021-06-09,54.23194374299964
2021-06-10,54.211431075938826
2021-06-11,54.17040471734273
2021-06-12,54.1839564627884
2021-06-13,54.18167173137086
2021-06-14,54.37399219752048
2021-06-15,54.36902436980576
2021-06-16,54.37321272841584
2021-06-17,54.37151013450589
2021-06-18,54.400309527303776
2021-06-19,54.4071212329012
2021-06-20,54.40499158197503
2021-06-21,54.3865940598286
2021-06-22,54.36999120100188
2021-06-23,54.35187606048641
2021-06-24,54.325506374432685
2021-06-25,54.29105547478358
2021-06-26,54.30757070526535
2021-06-27,54.30494951359553
2021-06-28,54.311613026102464
2021-06-29,54.30984786164468
2021-06-30,54.31764818224059
2021-07-01,54.31992171100608
2021-07-02,54.31666087891653
2021-07-03,54.389957369815775
2021-07-04,54.40605557926178
2021-07-05,54.40588559392773
2021-07-06,54.39653466640284
2021-07-07,54.38322538943003
2021-07-08,54.42055745319671
2021-07-09,54.413287102239366
2021-07-10,54.45797459417549
2021-07-11,54.46270387694119
2021-07-12,54.41567762833416
2021-07-13,54.41373509778413
2021-07-14,54.42641280483839
2021-07-15,54.423326505827546
2021-07-16,54.43232258614808
2021-07-17,54.20293945026704
2021-07-18,54.20873989016104
2021-07-19,54.209660337131055
2021-07-20,54.19335295098979
2021-07-21,54.192553184685536
2021-07-22,54.21531527594506
2021-07-23,54.24905087845701
2021-07-24,54.26340265847014
2021-07-25,54.314178243947765
2021-07-26,54.347525893056
2021-07-27,54.356895864591145
2021-07-28,54.207384059986296
2021-07-29,53.68856809205024
2021-07-30,53.69825257862118
2021-07-31,53.70489355525192
2021-08-01,53.7503421025578
2021-08-02,53.814146848118455
2021-08-03,53.83423343964175
2021-08-04,53.84608985423731
2021-08-05,53.86687887200631
2021-08-06,53.864704660673965
2021-08-07,53.87131678510287
2021-08-08,53.885465881239135
2021-08-09,53.91685328767109
2021-08-10,53.94472061891951
2021-08-11,53.964473818007775
2021-08-12,54.03163389813184
2021-08-13,54.05403094783329
2021-08-14,54.01987843197583
2021-08-15,54.05320127979867
2021-08-16,54.07509395459841
2021-08-17,54.07266965806802
2021-08-18,54.04893016324956
2021-08-19,54.055448265439
2021-08-20,54.10116691969704
2021-08-21,54.15251781487851
2021-08-22,54.16754547921444
2021-08-23,54.15116732542258
2021-08-24,54.14551804857288
2021-08-25,54.0395994148158
2021-08-26,54.06436980574421
2021-08-27,54.10136004919328
2021-08-28,54.13423740172977
2021-08-29,54.15753745243649
2021-08-30,54.21363396060636
2021-08-31,54.21624885921974
2021-09-01,54.214911576289445
2021-09-02,54.21743754623177
2021-09-03,54.21157440617517
2021-09-04,54.215814660810565
2021-09-05,54.221153329792216
2021-09-06,54.21821922833583
2021-09-07,54.2105630830116
2021-09-08,54.22561434939436
2021-09-09,54.221230743060055
2021-09-10,54.22180015681272
2021-09-11,54.23274959363595
2021-09-12,54.23871511260172
2021-09-13,54.24124572351235
2021-09-14,54.24962452447739
2021-09-15,54.22225080153457
2021-09-16,54.19597956836796
2021-09-17,54.20670021467894
2021-09-18,54.22032480754271
2021-09-19,54.237636524773706
2021-09-20,54.25263590763684
2021-09-21,54.272996340561534
2021-09-22,54.26840422027901
2021-09-23,54.28768254868806
2021-09-24,54.38574740974271
2021-09-25,54.399743974503686
2021-09-26,54.03291581505828
2021-09-27,54.05003162827456
2021-09-28,54.0432093192218
2021-09-29,54.028730446604726
2021-09-30,54.03649848228339
2021-10-01,54.03545598402702
2021-10-02,54.04526051918524
2021-10-03,54.046383889484446
2021-10-04,54.08755192493926
2021-10-05,54.06673847985046
2021-10-06,54.063568358202296
2021-10-07,54.05541042626957
2021-10-08,54.05482961361817
2021-10-09,54.06059301566406
2021-10-10,54.02501872317252
2021-10-11,54.03116149714456
2021-10-12,53.98567671016514
2021-10-13,53.97999161496781
2021-10-14,53.99632083506908
2021-10-15,53.996973705785614
2021-10-16,54.05043654613317
2021-10-17,54.10359501365229
2021-10-18,54.1091041347992
2021-10-19,53.94445464268888
2021-10-20,53.914852868698304
2021-10-21,53.90314905617437
2021-10-22,53.91983725346658
2021-10-23,53.95434405651085
2021-10-24,54.00307267814691
2021-10-25,53.99707177104549
2021-10-26,54.013772756152896
2021-10-27,54.067879098360656
2021-10-28,54.11755247840622
2021-10-29,54.4974380049156
2021-10-30,54.52663326494977
2021-10-31,54.58050294323808
2021-11-01,54.485040382034775
2021-11-02,54.50501799905632
2021-11-03,54.49860786403083
2021-11-04,54.523050254452926
2021-11-05,54.46756685410412
2021-11-06,54.49643616826735
2021-11-07,54.55611897674655
2021-11-08,54.52295851170226
2021-11-09,54.51190226343337
2021-11-10,54.46438214674284
2021-11-11,54.46651987748137
2021-11-12,54.48807141782203
2021-11-13,54.521872635440886
2021-11-14,54.54479739231152
2021-11-15,54.58078684522283
2021-11-16,54.5088835674135
2021-11-17,54.47930916289958
2021-11-18,54.49057351408821
2021-11-19,54.58280569064821
2021-11-20,54.60232534734545
2021-11-21,54.66042345966995
2021-11-22,54.75605436267915
2021-11-23,54.74989871000237
2021-11-24,54.75527488281421
2021-11-25,54.67123986269291
2021-11-26,54.77772829451309
2021-11-27,54.80388394138399
2021-11-28,54.84333952316581
2021-11-29,54.8515500325626
2021-11-30,54.85083711272088
2021-12-01,54.83170782067301
2021-12-02,54.84079979416984
2021-12-03,54.86137781022222
2021-12-04,54.87620438528048
2021-12-05,54.92281983991463
2021-12-06,54.90589991266837
2021-12-07,54.78705874632034
2021-12-08,55.30458505750837
2021-12-09,55.28325782564312
2021-12-10,55.30484455615822
2021-12-11,55.33403691837161
2021-12-12,55.42866674568186
2021-12-13,55.54325192326007
2021-12-14,55.53808052746053
2021-12-15,55.5473719461581
2021-12-16,55.59218959377825
2021-12-17,55.85752600290103
2021-12-18,56.04310517200703
2021-12-19,56.10653575514708
2021-12-20,56.11632742330728
2021-12-21,56.13066011540516
2021-12-22,56.21824899435272
2021-12-23,56.93760910711576
2021-12-24,56.97993507176849
2021-12-25,57.03576801475118
2021-12-26,57.1172189741152
2021-12-27,57.18206875766677
2021-12-28,57.28652299955112
2021-12-29,57.344079739713465
2021-12-30,57.37919184912938
2021-12-31,57.44917190071373
2022-01-01,57.55465502722642
2022-01-02,57.72542747015056
2022-01-03,57.935372889374
2022-01-04,58.23271161258917
2022-01-05,58.3313639176767
2022-01-06,58.44562179736517
2022-01-07,58.55953400131058
2022-01-08,58.60102305574491
2022-01-09,58.85793238211892
2022-01-10,58.96511471847976
2022-01-11,58.9870968935009
2022-01-12,58.97310025930771
2022-01-13,59.03593851368628
2022-01-14,59.2119989878195
2022-01-15,59.29835709308856
2022-01-16,59.35497180369711
2022-01-17,59.37867917562169
2022-01-18,59.40194745587432
2022-01-19,59.399248989939
2022-01-20,59.40011333174197
2022-01-21,59.4352363701654
2022-01-22,59.50264954272616
2022-01-23,59.59857821081408
2022-01-24,59.62846182886681
2022-01-25,59.65143453009504
2022-01-26,59.70465571430155
2022-01-27,59.67109166423375
2022-01-28,59.698445831089714
2022-01-29,59.73591088883645
2022-01-30,59.79707133069122
2022-01-31,59.92771991831232
2022-02-01,59.44885756057912
2022-02-02,59.45629893520168
2022-02-03,59.499771745767525
2022-02-04,59.7237371088048
2022-02-05,59.9554352489455
2022-02-06,60.07876384513501
2022-02-07,60.33907200202621
2022-02-08,60.42863135278652
2022-02-09,60.44288436000104
2022-02-10,60.43060127221724
2022-02-11,60.422310500548654
2022-02-12,60.48522659413516
2022-02-13,60.70876309188784
2022-02-14,60.801101996960696
2022-02-15,61.00825289829847
2022-02-16,61.09890888262788
2022-02-17,61.1870213950898
2022-02-18,61.618909725664736
2022-02-19,61.76805200407317
2022-02-20,61.88403097864747
2022-02-21,61.97585790517169
2022-02-22,61.99192808088264
2022-02-23,61.962912328356886
2022-02-24,61.99013839982159
2022-02-25,61.99540761320832
2022-02-26,62.03196667427552
2022-02-27,62.036226711889
2022-02-28,62.14001836493078
2022-03-01,62.17285940559616
2022-03-02,62.17472645049755
2022-03-03,62.17882408993909
2022-03-04,62.207932183023615
2022-03-05,62.28104921329556
2022-03-06,62.51325029589728
2022-03-07,62.66704519286656
2022-03-08,62.63096907318621
2022-03-09,62.65890488911369
2022-03-10,62.726384366537054
2022-03-11,62.9469249225264
2022-03-12,63.01511723960627
2022-03-13,63.03308349023157
2022-03-14,63.04873116394519
2022-03-15,63.05664911366748
2022-03-16,63.12127858383661
2022-03-17,63.00573780032729
2022-03-18,63.09972423614571
2022-03-19,63.13835676100405
2022-03-20,63.22053799001537
2022-03-21,63.273253239179255
2022-03-22,63.41119409743944
2022-03-23,63.41809941980803
2022-03-24,63.46482629280025
2022-03-25,63.226951235820415
2022-03-26,63.263717658356
2022-03-27,63.34610974705828
2022-03-28,63.354040284934
2022-03-29,63.3156642779464
2022-03-30,63.32822502455463
2022-03-31,63.32953056765685
2022-04-01,63.546508696482825
2022-04-02,63.57357251309796
2022-04-03,63.61800333861
2022-04-04,63.63538847471256
2022-04-05,63.77433262066921
2022-04-06,63.82013864954813
2022-04-07,63.88353228336265
2022-04-08,63.9220580381923
2022-04-09,64.1024795066766
2022-04-10,64.19090627873749
2022-04-11,64.23858680613641
2022-04-12,64.08984960626194
2022-04-13,64.11632862499914
2022-04-14,64.05213122566317
2022-04-15,64.08693029229751
2022-04-16,64.11925846996317
2022-04-17,64.25571913084042
2022-04-18,64.41791209606043
2022-04-19,64.46253372107087
2022-04-20,64.60757047530407
2022-04-21,64.49049444852237
2022-04-22,64.59329887692437
2022-04-23,64.61655385689545
2022-04-24,64.88851544769045
2022-04-25,64.94815979140272
2022-04-26,64.95571665725708
2022-04-27,64.9698190308785
2022-04-28,64.9985655761401
2022-04-29,65.09601229895932
2022-04-30,65.13514049027327
2022-05-01,65.15709812602285
2022-05-02,65.39783530173452
2022-05-03,65.39667586621489
2022-05-04,65.36898653395569
2022-05-05,65.3927319577066
2022-05-06,65.37566819211148
2022-05-07,65.58994147192334
2022-05-08,65.6205297101693
2022-05-09,65.68182603794064
2022-05-10,65.6667405598406
2022-05-11,65.5726522529337
2022-05-12,65.54813732782021
2022-05-13,65.49099357693264
2022-05-14,65.46569314083403
2022-05-15,65.70200931366962
2022-05-16,65.72860686928693
2022-05-17,65.69097579240005
2022-05-18,65.73382357651727
2022-05-19,65.67581617254014
2022-05-20,65.68009071061549
2022-05-21,65.71630083345497
2022-05-22,65.75443933305263
2022-05-23,65.76573122957112
2022-05-24,65.87195127393032
2022-05-25,65.88174186839186
2022-05-26,65.88545015802893
2022-05-27,65.89286070469126
2022-05-28,65.91005348491767
2022-05-29,65.93071758140306
2022-05-30,65.93663325286029
2022-05-31,65.93106763558579
2022-06-01,65.87645730214905
2022-06-02,65.6830075134311
2022-06-03,65.65793866224354
2022-06-04,65.67686257431146
2022-06-05,65.71398289855665
2022-06-06,65.723158527084
2022-06-07,65.71877314916826
2022-06-08,65.70665576205994
2022-06-09,65.7135563355346
2022-06-10,65.69554938573057
2022-06-11,65.64946994687143
2022-06-12,65.6545165022716
2022-06-13,65.60161328389286
2022-06-14,65.53860866673904
2022-06-15,65.4349581302075
2022-06-16,65.39578476070014
2022-06-17,65.1759894829906
2022-06-18,65.12835856269955
2022-06-19,65.17154331040601
2022-06-20,65.18413134172474
2022-06-21,65.11378327041051
2022-06-22,65.0921007862358
2022-06-23,65.12390526427258
2022-06-24,65.11208737174456
2022-06-25,65.12373821429114
2022-06-26,65.15487786979767
2022-06-27,65.16364980069554
2022-06-28,65.14109978322577
2022-06-29,65.11619332624065
2022-06-30,65.05138726648524
2022-07-01,65.04125536286703
2022-07-02,65.06128497595039
2022-07-03,65.01987116205663
2022-07-04,65.0359731794001
2022-07-05,65.03181901774435
2022-07-06,65.0316558092845
2022-07-07,65.02979015446999
2022-07-08,65.03844197399832
2022-07-09,65.07304916129769
2022-07-10,65.07540061684938
2022-07-11,64.96089638595112
2022-07-12,64.95343667702338
2022-07-13,64.95760531630506
2022-07-14,64.95600023882173
2022-07-15,64.97195232376852
2022-07-16,64.99872535747858
2022-07-17,65.0188601684198
2022-07-18,65.00679158932093
2022-07-19,64.772388850985
2022-07-20,64.81620834816847
2022-07-21,64.80191479848332
2022-07-22,64.86682121767556
2022-07-23,65.16991013771205
2022-07-24,65.75898930136114
2022-07-25,65.74637654606633
2022-07-26,65.74644530661128
2022-07-27,65.7481150567773
2022-07-28,65.75505738180688
2022-07-29,65.74797392599106
2022-07-30,65.7594032850201
2022-07-31,65.74564574622296
2022-08-01,65.75475869647693
2022-08-02,65.75206271663234
2022-08-03,65.764835861724
2022-08-04,65.70413421617846
2022-08-05,65.75669622186331
2022-08-06,65.80840308877077
2022-08-07,65.80187639383765
2022-08-08,65.80415289786879
2022-08-09,65.79726926251675
2022-08-10,65.75182484042617
2022-08-11,65.76140358952205
2022-08-12,65.76606633385548
2022-08-13,65.79239111732191
2022-08-14,65.80155373621
2022-08-15,65.81038564417402
2022-08-16,65.81602668551959
2022-08-17,65.80461748102412
2022-08-18,65.80881800851024
2022-08-19,65.80453041100473
2022-08-20,65.80965984097017
2022-08-21,65.83799574867184
2022-08-22,65.82771230144728
2022-08-23,65.82550971975084
2022-08-24,65.82514375859533
2022-08-25,65.84972948505725
2022-08-26,65.88524198602111
2022-08-27,65.90362824768228
2022-08-28,65.89357012057461
2022-08-29,65.88094075988633
2022-08-30,65.85838032338351
2022-08-31,65.86077923706561
2022-09-01,65.86633129227992
2022-09-02,65.88611262193953
2022-09-03,65.90845708034207
2022-09-04,65.90024438943912
2022-09-05,65.91562561708112
2022-09-06,65.88125012079863
2022-09-07,65.86953115124365
2022-09-08,65.87499275272616
2022-09-09,65.875274534434
2022-09-10,65.90042424334217
2022-09-11,65.94910325681083
2022-09-12,65.95974334082018
2022-09-13,65.89521978862652
2022-09-14,65.888882854902
2022-09-15,65.9193596390921
2022-09-16,65.9271009006657
2022-09-17,65.94162129651093
2022-09-18,65.95288425244577
2022-09-19,65.95296664011184
2022-09-20,65.93447896226253
2022-09-21,65.91832196509192
2022-09-22,65.93940276553309
2022-09-23,65.99047644399626
2022-09-24,66.00688005519912
2022-09-25,66.02131973602148
2022-09-26,66.02258268890144
2022-09-27,66.01118649604773
2022-09-28,66.00644042554191
2022-09-29,66.01206310509897
2022-09-30,66.0035334730304
2022-10-01,66.02842681545475
2022-10-02,66.07564723209576
2022-10-03,66.09401435178302
2022-10-04,66.09236505946727
2022-10-05,66.11806393795455
2022-10-06,66.13181781669209
2022-10-07,66.20730806002129
2022-10-08,66.20132244198018
2022-10-09,66.22464811539844
2022-10-10,66.26084317306419
2022-10-11,66.26357902114239
2022-10-12,66.2670994655195
2022-10-13,66.29493925193928
2022-10-14,66.34675505334901
2022-10-15,66.41223734131513
2022-10-16,66.44696033253376
2022-10-17,66.44323498669335
2022-10-18,66.24796695414283
2022-10-19,66.44125463016537
2022-10-20,66.45340682172272
2022-10-21,66.47374159928196
2022-10-22,66.45345658531348
2022-10-23,66.47106372422304
2022-10-24,66.50305677402073
2022-10-25,66.4982776860021
2022-10-26,66.54066177321204
2022-10-27,66.56458641527249
2022-10-28,66.57770645213395
2022-10-29,66.70607513155838
2022-10-30,66.72329247300176
2022-10-31,66.7651232721991
2022-11-01,66.78091376143348
2022-11-02,66.76185549717711
2022-11-03,66.83471015402438
2022-11-04,66.69657018471841
2022-11-05,66.71160913697123
2022-11-06,66.72959827001893
2022-11-07,67.50172255666469
2022-11-08,67.4870704447892
2022-11-09,67.35966038745909
2022-11-10,67.39143656679501
2022-11-11,67.31604878358662
2022-11-12,67.15892441161188
2022-11-13,67.2260365800006
2022-11-14,67.22791272548554
2022-11-15,67.18718519648425
2022-11-16,67.04736495508698
2022-11-17,67.0549671242532
2022-11-18,66.67296685038009
2022-11-19,66.68945971267958
2022-11-20,66.7451658856822
2022-11-21,66.70712558155029
2022-11-22,66.66612020492836
2022-11-23,66.46946199402562
2022-11-24,66.49446482943307
2022-11-25,66.53487176444999
2022-11-26,66.54523495576464
2022-11-27,66.56978090393063
2022-11-28,66.58833947817256
2022-11-29,66.58496789835694
2022-11-30,66.57794627351457
2022-12-01,66.58564322877784
2022-12-02,66.62906548473688
2022-12-03,66.66782149658674
2022-12-04,66.67627073592068
2022-12-05,66.69320794365787
2022-12-06,66.68067875950848
2022-12-07,66.6779925647464
2022-12-08,66.6936805843036
2022-12-09,66.66596981378947
2022-12-10,66.70077086761087
2022-12-11,66.71490078622239
2022-12-12,66.7205332337775
2022-12-13,66.68036699193891
2022-12-14,66.61800296869353
2022-12-15,66.66267739230389
2022-12-16,66.65962248378408
2022-12-17,66.69672743454011
2022-12-18,66.71900194931774
2022-12-19,66.71449994412202
2022-12-20,66.74081901449227
2022-12-21,66.7262193407418
2022-12-22,66.7231988424694
2022-12-23,66.7236814889267
2022-12-24,66.76340299568557
2022-12-25,66.79744865983967
2022-12-26,66.89302084854369
2022-12-27,66.88525961625898
2022-12-28,66.82131166280435
2022-12-29,66.75370505458604
2022-12-30,66.75987107004175
2022-12-31,66.65760282284879
2023-01-01,66.68040547314985
2023-01-02,66.68641672095075
2023-01-03,66.66419586994293
2023-01-04,66.68059217429064
2023-01-05,66.5607201214122
2023-01-06,66.5287737184198
2023-01-07,66.53651863804178
2023-01-08,66.53705302012935
2023-01-09,66.54634242091745
2023-01-10,66.49313263203152
2023-01-11,66.46023056805018
2023-01-12,66.45261529786873
2023-01-13,66.46038461518492
2023-01-14,66.48225558601213
2023-01-15,66.47749282188356
2023-01-16,66.44435596773934
2023-01-17,66.43676639514236
2023-01-18,66.41889051176724
2023-01-19,66.40764121618781
2023-01-20,66.4097351503095
2023-01-21,66.41838248192153
2023-01-22,66.44548026644912
2023-01-23,66.43332809221872
2023-01-24,66.47182291372081
2023-01-25,66.46903040117556
2023-01-26,66.35161189566236
2023-01-27,66.84562640664836
2023-01-28,66.85633487742788
2023-01-29,66.86937011713684
2023-01-30,66.8699818337063
2023-01-31,66.86102111298888
2023-02-01,66.86018954273113
2023-02-02,66.88798305388917
2023-02-03,66.94132028959424
2023-02-04,66.95396444904526
2023-02-05,66.96490146282368
2023-02-06,66.99769232763762
2023-02-07,66.99534545575227
2023-02-08,67.00066112702713
2023-02-09,67.00093745495498
2023-02-10,67.01254926847781
2023-02-11,67.02514503761387
2023-02-12,67.0281054957953
2023-02-13,67.03657681223882
2023-02-14,67.04440660306204
2023-02-15,67.05037354726579
2023-02-16,67.0650058388478
2023-02-17,67.08486272054532
2023-02-18,67.11645392886443
2023-02-19,67.13686783151985
2023-02-20,67.14876251476898
2023-02-21,67.15423937403651
2023-02-22,67.15215512417146
2023-02-23,67.94325858968227
2023-02-24,67.95337347281466
2023-02-25,67.9962490350591
2023-02-26,68.0507544261828
2023-02-27,68.03725516910549
2023-02-28,67.93516323672017
2023-03-01,67.86717291141666
2023-03-02,67.88419932198825
2023-03-03,67.88477534636799
2023-03-04,67.90646064287915
2023-03-05,67.8724828982346
2023-03-06,67.9004714597022
2023-03-07,67.8813822187769
2023-03-08,67.87923115559676
2023-03-09,67.87205993905644
2023-03-10,67.89452619370604
2023-03-11,67.907908068567
2023-03-12,67.91430655581458
2023-03-13,68.03121219290348
2023-03-14,68.00683103035398
2023-03-15,67.98607045523367
2023-03-16,68.06843144846549
2023-03-17,68.06846131550073
2023-03-18,68.09289280647738
2023-03-19,68.10256935754158
2023-03-20,68.15140788581661
2023-03-21,68.14451405775449
2023-03-22,68.13812534928488
2023-03-23,68.17670693121049
2023-03-24,68.16771664624656
2023-03-25,68.17671637281369
2023-03-26,68.22315610197236
2023-03-27,68.2398840357184
2023-03-28,68.24106238034072
2023-03-29,68.24646373730398
2023-03-30,67.38710513370793
2023-03-31,67.39870795553877
2023-04-01,67.41333787097412
2023-04-02,67.42789687362624
2023-04-03,67.43300172938801
2023-04-04,67.3869970673304
2023-04-05,67.34437538136952
2023-04-06,67.30613469016298
2023-04-07,67.27340979281897
2023-04-08,67.2914858117544
2023-04-09,67.35088346968656
2023-04-10,67.32989568669095
2023-04-11,67.25074119930831
2023-04-12,67.15271664258593
2023-04-13,67.14258687015199
2023-04-14,67.1258181750516
2023-04-15,67.16089500397986
2023-04-16,67.35782900510539
2023-04-17,67.41188631025136
2023-04-18,67.5887046011975
2023-04-19,67.5513421752308
2023-04-20,67.56277426275896
2023-04-21,67.57968230937244
2023-04-22,67.59530467527689
2023-04-23,67.6086871158544
2023-04-24,67.62671837284661
2023-04-25,67.6351162153924
2023-04-26,67.65084767302557
2023-04-27,67.67557791561391
2023-04-28,67.69193417997452
2023-04-29,67.69530003047568
2023-04-30,67.7204615758888
2023-05-01,67.72727789209245
2023-05-02,67.73819797681816
2023-05-03,67.74540693936255
2023-05-04,67.79063186183276
2023-05-05,67.84715914342857
2023-05-06,67.93107935334224
2023-05-07,68.033041925635
2023-05-08,68.09119898222613
2023-05-09,68.13020588361331
2023-05-10,68.1432510556398
2023-05-11,68.1574604131702
2023-05-12,68.1916929938673
2023-05-13,68.21375145180023
2023-05-14,68.25933138876171
2023-05-15,68.19530919749712
2023-05-16,68.2179210196816
2023-05-17,68.22503697785871
2023-05-18,68.23620876951698
2023-05-19,68.25800329028169
2023-05-20,68.28004912508837
2023-05-21,68.30634595885977
2023-05-22,68.32859586346386
2023-05-23,68.3235501557896
2023-05-24,68.33052929944553
2023-05-25,68.26322900700742
2023-05-26,68.30106646018069
2023-05-27,68.32422003961705
2023-05-28,68.33908472862699
2023-05-29,68.42066660098898
2023-05-30,68.45512072318897
2023-05-31,68.4408995613594
2023-06-01,68.5037812759795
2023-06-02,68.50155482097641
2023-06-03,68.5126940802213
2023-06-04,68.52761093670719
2023-06-05,68.51833308411408
2023-06-06,68.51647215626829
2023-06-07,68.52362560960708
2023-06-08,68.61949357234369
2023-06-09,68.69811436504618
2023-06-10,68.78945309137173
2023-06-11,68.87795114251826
2023-06-12,68.99067918788371
2023-06-13,69.05765455305468
2023-06-14,69.12407002244572
2023-06-15,69.14188175498253
2023-06-16,69.19740180362736
2023-06-17,69.24480677759969
2023-06-18,69.23504267998896
2023-06-19,69.26555616988365
2023-06-20,69.21217676622469
2023-06-21,69.12321586270785
2023-06-22,69.13102414294104
2023-06-23,69.09982802838512
2023-06-24,69.13565389681878
2023-06-25,69.19394911923264
2023-06-26,69.24693606745184
2023-06-27,69.2610525589232
2023-06-28,69.28533864619813
2023-06-29,69.26449698229553
2023-06-30,69.2782393861687
2023-07-01,69.22131569677256
2023-07-02,69.27331987181171
2023-07-03,69.3085952224504
2023-07-04,69.30352393531427
2023-07-05,69.29889882199802
2023-07-06,69.2044080159037
2023-07-07,69.20707327093989
2023-07-08,69.23280872730268
2023-07-09,69.27303006669189
2023-07-10,69.29283835003508
2023-07-11,69.26085192948356
2023-07-12,69.24860998586566
2023-07-13,69.21596038007866
2023-07-14,69.23053485246896
2023-07-15,69.25329626413962
2023-07-16,69.27247790935245
2023-07-17,69.33050640304856
2023-07-18,69.32549827202575
2023-07-19,69.34062773199054
2023-07-20,69.33905465891497
2023-07-21,69.30898933348563
2023-07-22,69.33200181309016
2023-07-23,69.33747655930463
2023-07-24,69.34680434688666
2023-07-25,69.34241466319257
2023-07-26,69.3472187571534
2023-07-27,69.17508491114872
2023-07-28,68.63710010091668
2023-07-29,68.65255744984856
2023-07-30,68.68553554217672
2023-07-31,68.66640198225312
2023-08-01,68.66627137201016
2023-08-02,68.62639659741124
2023-08-03,68.63104460205551
2023-08-04,68.69710464843041
2023-08-05,68.75882756106603
2023-08-06,68.77505262194563
2023-08-07,68.77895549682097
2023-08-08,68.74814862415978
2023-08-09,68.74139710765978
2023-08-10,68.72437229998006
2023-08-11,68.73262741268087
2023-08-12,68.72694423956146
2023-08-13,68.73112124088796
2023-08-14,68.76805605664872
2023-08-15,68.75879113170419
2023-08-16,68.72574134550902
2023-08-17,68.70914035185082
2023-08-18,68.65677631453869
2023-08-19,68.66888531958776
2023-08-20,68.67667217447418
2023-08-21,68.69480603216863
2023-08-22,68.69223537389803
2023-08-23,68.6927369595024
2023-08-24,68.7098499200697
2023-08-25,68.72395442731073
2023-08-26,68.73136106953432
2023-08-27,68.7314336666088
2023-08-28,68.72641771083075
2023-08-29,68.65930763617084
2023-08-30,68.66939160221841
2023-08-31,68.6602632072096
2023-09-01,68.67684328049369
2023-09-02,68.69105921347753
2023-09-03,68.70089321033824
2023-09-04,68.73421440610045
2023-09-05,68.72563635304317
2023-09-06,68.71812645705927
2023-09-07,68.72488764213706
2023-09-08,68.72524361089279
2023-09-09,68.74146478427325
2023-09-10,68.74699864915432
2023-09-11,68.73704895389446
2023-09-12,68.72116464128676
2023-09-13,68.72395441586272
2023-09-14,68.72832929609478
2023-09-15,68.73455426978897
2023-09-16,68.74656800145885
2023-09-17,68.75938773421117
2023-09-18,68.74624927442184
2023-09-19,68.68666242473132
2023-09-20,68.67625018544229
2023-09-21,68.68627318298557
2023-09-22,68.7119068024142
2023-09-23,68.72334905726657
2023-09-24,68.7349349922071
2023-09-25,68.73836987028031
2023-09-26,68.72978185999166
2023-09-27,68.71998467455154
2023-09-28,68.72562756912106
2023-09-29,68.72366511984612
2023-09-30,68.7363025650112
2023-10-01,68.74323564903733
2023-10-02,68.68472895708658
2023-10-03,68.69797741887012
2023-10-04,68.67274740069618
2023-10-05,68.67297467102556
2023-10-06,68.66428815634148
2023-10-07,68.64829964330835
2023-10-08,68.68346491909033
2023-10-09,68.67103781060715
2023-10-10,68.65836746630634
2023-10-11,68.58219196573317
2023-10-12,68.58507793279992
2023-10-13,68.5934319036843
2023-10-14,68.51012958968943
2023-10-15,68.52237972407517
2023-10-16,68.51421161025938
2023-10-17,68.53571586076237
2023-10-18,68.55564681626267
2023-10-19,68.54766980120277
2023-10-20,68.52463104893955
2023-10-21,68.55431127930089
2023-10-22,68.58482024022605
2023-10-23,68.5374032636877
2023-10-24,68.487198186273
2023-10-25,68.46971593794018
2023-10-26,68.46359199151593
2023-10-27,68.45225947795248
2023-10-28,68.44158733024553
2023-10-29,68.44011713694104
2023-10-30,68.9546998726479
2023-10-31,68.9546896024263
2023-11-01,68.88507574941947
2023-11-02,68.89690817959433
2023-11-03,68.94024111314096
2023-11-04,69.11141174149775
2023-11-05,69.228425665463
2023-11-06,69.38378760994317
2023-11-07,69.51752645605364
2023-11-08,69.59469260968721
2023-11-09,69.68276990619356
2023-11-10,69.74696769324653
2023-11-11,69.86147962186679
2023-11-12,69.97875791475322
2023-11-13,70.39618037371217
2023-11-14,70.42081785199703
2023-11-15,70.41897147876837
2023-11-16,70.46598125874266
2023-11-17,70.61694350614077
2023-11-18,70.69187042945951
2023-11-19,70.6982929943572
2023-11-20,70.71071458404937
2023-11-21,70.66159698562308
2023-11-22,70.59035973200524
2023-11-23,70.62567256859225
2023-11-24,70.64797391034011
2023-11-25,70.69445732123664
2023-11-26,70.71879031209973
2023-11-27,70.75563081760437
2023-11-28,70.76328037751165
2023-11-29,70.76476313882917
2023-11-30,70.66122957020671
2023-12-01,70.65804556529409
2023-12-02,70.65699133156303
2023-12-03,70.6702530137403
2023-12-04,70.65566399749561
2023-12-05,70.60931474948748
2023-12-06,70.55124097865725
2023-12-07,70.55000260370008
2023-12-08,70.58568996756001
2023-12-09,70.61957851467444
2023-12-10,70.63398215523773
2023-12-11,70.62411346284236
2023-12-12,70.53684458194624
2023-12-13,70.56001101935335
2023-12-14,70.57853630002677
2023-12-15,70.55272690780922
2023-12-16,70.54469176016465
2023-12-17,70.57657638095404
2023-12-18,70.67680405493579
2023-12-19,70.63695452676082
2023-12-20,70.6161839801304
2023-12-21,70.60960988063893
2023-12-22,70.54878014294184
2023-12-23,70.54882029427951
2023-12-24,70.52390743694285
2023-12-25,70.57207397970058
2023-12-26,70.69411280161972
2023-12-27,70.53261651842004
2023-12-28,70.52568559652508
2023-12-29,70.41505174087479
2023-12-30,70.41170096034828
2023-12-31,70.49246314455985
2024-01-01,70.56445141629762
2024-01-02,70.55117367567425
2024-01-03,70.52296064337524
2024-01-04,70.46298556390802
2024-01-05,70.4744443596543
2024-01-06,70.4947960638238
2024-01-07,70.55375405351026
2024-01-08,70.55501196682847
2024-01-09,70.52187484392462
2024-01-10,70.49800672348935
2024-01-11,70.47478449899441
2024-01-12,70.47728357265184
2024-01-13,70.49955436493188
2024-01-14,70.49539837908593
2024-01-15,70.52274025134928
2024-01-16,70.24579964524149
2024-01-17,70.15409142453618
2024-01-18,70.11691758654108
2024-01-19,70.07540963915882
2024-01-20,70.09621508615187
2024-01-21,70.17209012895272
2024-01-22,70.08592731748303
2024-01-23,70.01065878159922
2024-01-24,69.80577187062921
2024-01-25,69.73894485497345
2024-01-26,69.69593041707644
2024-01-27,69.6928858571053
2024-01-28,69.72016298800555
2024-01-29,69.68668496453542
2024-01-30,69.63907700131585
2024-01-31,69.58645682654772
2024-02-01,69.56008178227441
2024-02-02,69.53101728408959
2024-02-03,69.53848781370077
2024-02-04,69.53406194468005
2024-02-05,69.49381536417346
2024-02-06,69.42122487272754
2024-02-07,69.40255470695523
2024-02-08,69.39465565296965
2024-02-09,69.3792634635833
2024-02-10,69.37502111215261
2024-02-11,69.36705106868168
2024-02-12,69.32511203909101
2024-02-13,69.29968577885025
2024-02-14,69.24699386440038
2024-02-15,69.20505348699409
2024-02-16,69.15207120868982
2024-02-17,69.14181419139648
2024-02-18,69.14179863732869
2024-02-19,69.04472725674071
2024-02-20,69.01846684286993
2024-02-21,68.97471818908943
2024-02-22,68.92841404321442
2024-02-23,68.93665338498289
2024-02-24,69.04384370205865
2024-02-25,69.04091134590188
2024-02-26,69.02134265417217
2024-02-27,68.95726261391263
2024-02-28,68.86272274380414
2024-02-29,68.77508695112296
2024-03-01,68.74391775091391
2024-03-02,68.7305455792892
2024-03-03,68.71976152108007
2024-03-04,68.63788403480379
2024-03-05,68.54901988283468
2024-03-06,68.45036802718877
2024-03-07,68.29917398399303
2024-03-08,68.2008683337301
2024-03-09,68.19043213648543
2024-03-10,68.15364109640112
2024-03-11,68.08510705885611
2024-03-12,68.02267502432322
2024-03-13,67.97646767155508
2024-03-14,67.88096010037384
2024-03-15,67.86727058987519
2024-03-16,67.86747902445974
2024-03-17,67.80292353372701
2024-03-18,67.76115997713664
2024-03-19,67.72596737107578
2024-03-20,67.68306886335853
2024-03-21,67.58765386975821
2024-03-22,67.5329763151508
2024-03-23,67.07260873429766
2024-03-24,67.08021019769672
2024-03-25,66.66548152657202
2024-03-26,66.62945495745025
2024-03-27,66.59125614618499
2024-03-28,66.51002814681793
2024-03-29,66.49891992724889
2024-03-30,66.509215607179
2024-03-31,66.5316861579429
2024-04-01,66.21501560416147
2024-04-02,66.01167429733528
2024-04-03,65.98945022059728
2024-04-04,65.9655332864052
2024-04-05,66.01544757174642
2024-04-06,66.02341229113482
2024-04-07,66.0601534417331
2024-04-08,66.06808554847396
2024-04-09,66.03692876238075
2024-04-10,66.01787135357277
2024-04-11,66.07158135911669
2024-04-12,66.07388591133831
2024-04-13,66.0869191117873
2024-04-14,66.09898206123329
2024-04-15,66.08917047819932
2024-04-16,66.0243219944936
2024-04-17,66.04768137912713
2024-04-18,65.94076080137042
2024-04-19,65.88991166865405
2024-04-20,65.90060468202519
2024-04-21,65.90480308044376
2024-04-22,65.9029021127665
2024-04-23,65.9051326100094
2024-04-24,65.87991610122668
2024-04-25,65.87537501516543
2024-04-26,65.87705654852913
2024-04-27,65.8806890127152
2024-04-28,65.84368177646127
2024-04-29,65.83173512625775
2024-04-30,65.79677729682696
2024-05-01,65.76826230759741
2024-05-02,65.7662622013876
2024-05-03,65.75132237154553
2024-05-04,65.76764887584632
2024-05-05,65.80860136714468
2024-05-06,65.85824581888093
2024-05-07,65.86008830792746
2024-05-08,65.86363098740176
2024-05-09,65.91995588804072
2024-05-10,66.02361809546599
2024-05-11,66.0286709734673
2024-05-12,66.02365953300747
2024-05-13,66.01353776569553
2024-05-14,65.99212664118912
2024-05-15,65.88582116758256
2024-05-16,65.89846236169201
2024-05-17,65.98502648472466
2024-05-18,66.07663047384511
2024-05-19,66.12879690978988
2024-05-20,66.10734644710814
2024-05-21,66.08392190636916
2024-05-22,66.06146309180251
2024-05-23,66.03641426328664
2024-05-24,66.02991125401616
2024-05-25,66.10349674325721
2024-05-26,66.0875835937329
2024-05-27,66.17010688603044
2024-05-28,65.43554644866535
2024-05-29,65.46467173176276
2024-05-30,65.48052253048992
2024-05-31,65.537823151323
2024-06-01,65.55481622330603
2024-06-02,65.5770886500223
2024-06-03,65.5513569191532
2024-06-04,65.56057643970829
2024-06-05,65.60378260426668
2024-06-06,65.56711340970446
2024-06-07,65.59589264598905
2024-06-08,65.62147417265699
2024-06-09,65.70673154660227
2024-06-10,65.7121962702009
2024-06-11,65.59038129085302
2024-06-12,65.60679245035541
2024-06-13,65.61007101766121
2024-06-14,65.61922451623134
2024-06-15,65.6634943366204
2024-06-16,65.68643063266688
2024-06-17,65.74026631818307
2024-06-18,65.76789557683904
2024-06-19,65.77071763959333
2024-06-20,65.77062890771181
2024-06-21,65.76550218135566
2024-06-22,65.59999701193918
2024-06-23,65.71453211805067
2024-06-24,65.69098984804124
2024-06-25,65.71112697628139
2024-06-26,65.70161241829705
2024-06-27,65.57136057911069
2024-06-28,65.55260884176855
2024-06-29,65.57550324971058
2024-06-30,65.73320891516205
2024-07-01,65.72852918302122
2024-07-02,65.72682740037799
2024-07-03,65.67363187167075
2024-07-04,65.67363187167075
2024-07-05,65.52149580205506
2024-07-06,65.58354081353842
2024-07-07,65.70135264167762
2024-07-08,65.71598551137266
2024-07-09,65.65675641705143
2024-07-10,65.62935654737194
2024-07-11,65.643901929362
2024-07-12,65.63339287542983
2024-07-13,65.66590414543728
2024-07-14,65.6687285726894
2024-07-15,65.66992494060183
2024-07-16,65.66418883110747
2024-07-17,65.6366323694216
2024-07-18,65.57422863119243
2024-07-19,65.47998717418679
2024-07-20,65.48010678292876
2024-07-21,65.64628492201932
2024-07-22,66.17382511959532
2024-07-23,66.0070736555452
2024-07-24,66.00268061168047
2024-07-25,66.02003370221114
2024-07-26,66.02092892610706
2024-07-27,66.02025838570806
2024-07-28,66.0213884033112
2024-07-29,65.99906805387592
2024-07-30,65.83921719609218
2024-07-31,65.83329502386039
2024-08-01,65.79361965961284
2024-08-02,65.78808622441404
2024-08-03,65.78803791452465
2024-08-04,65.78112929862658
2024-08-05,65.66484882000336
2024-08-06,65.67001986749183
2024-08-07,65.62337884604142
2024-08-08,65.62036154333191
2024-08-09,65.6123501313816
2024-08-10,65.52837208494945
2024-08-11,65.55198610177285
2024-08-12,65.60627222998221
2024-08-13,65.59460067889005
2024-08-14,65.59319774750911
2024-08-15,65.58388491142422
2024-08-16,65.59929531128311
2024-08-17,65.61883155290394
2024-08-18,65.6230289543236
2024-08-19,65.67379979316996
2024-08-20,65.67847215244936
2024-08-21,65.67318718156761
2024-08-22,65.74372385273793
2024-08-23,65.85335485940992
2024-08-24,65.86778775710127
2024-08-25,65.89155125280116
2024-08-26,65.88672875118041
2024-08-27,65.88233217234834
2024-08-28,65.87424469227987
2024-08-29,65.79305976496683
2024-08-30,65.80103637632783
2024-08-31,65.83247445234785
2024-09-01,65.84231902821169
2024-09-02,65.84719465243678
2024-09-03,65.838492017122
2024-09-04,65.82077760875293
2024-09-05,65.812185543699
2024-09-06,65.77886584695473
2024-09-07,65.79880750719752
2024-09-08,65.80721230013701
2024-09-09,65.77109095520407
2024-09-10,65.75436437061073
2024-09-11,65.74405977489451
2024-09-12,65.75431588476305
2024-09-13,65.75790399190309
2024-09-14,65.77175946008155
2024-09-15,65.78177968457128
2024-09-16,65.75307723461364
2024-09-17,65.78319239223096
2024-09-18,65.75150067771472
2024-09-19,65.75613374852253
2024-09-20,65.73184159216538
2024-09-21,65.73877803593352
2024-09-22,65.74694650590432
2024-09-23,65.78797051082317
2024-09-24,65.77165282024129
2024-09-25,65.76787840107181
2024-09-26,65.73641386115835
2024-09-27,65.74674947766609
2024-09-28,65.75374449579903
2024-09-29,65.76588583945129
2024-09-30,65.76715586981052
2024-10-01,65.84196534035476
2024-10-02,65.84093326354714
2024-10-03,65.83917501761897
2024-10-04,65.82813717023645
2024-10-05,65.8512239441092
2024-10-06,65.85452401861545
2024-10-07,65.8541629563881
2024-10-08,65.13338908255051
2024-10-09,65.12620431242672
2024-10-10,65.13990024996137
2024-10-11,64.90163829617876
2024-10-12,64.86800178954176
2024-10-13,64.86919152875234
2024-10-14,64.87365553477737
2024-10-15,64.79922574454551
2024-10-16,64.79497448196764
2024-10-17,64.8204523624881
2024-10-18,64.82847958359982
2024-10-19,64.82021632715262
2024-10-20,64.70145645902709
2024-10-21,64.5566611892994
2024-10-22,64.54964924167179
2024-10-23,64.54083243841231
2024-10-24,64.54955737008184
2024-10-25,64.55809240259264
2024-10-26,64.60312936652649
2024-10-27,64.61195982377669
2024-10-28,64.60761812512115
2024-10-29,64.57005649462306
2024-10-30,64.54134477140676
2024-10-31,64.52413950884565
2024-11-01,64.52063401464316
2024-11-02,64.51598506904175
2024-11-03,64.53958683751762
2024-11-04,64.53880226501973
2024-11-05,64.52821369564168
2024-11-06,64.4674309184235
2024-11-07,64.44696900541987
2024-11-08,64.38801475685588
2024-11-09,64.39756744006714
2024-11-10,64.40509876110663
2024-11-11,64.33391484978031
2024-11-12,64.2206317715059
2024-11-13,64.11458439139402
2024-11-14,64.04903558641396
2024-11-15,63.985054912337375
2024-11-16,64.00603834424005
2024-11-17,64.0421128312378
2024-11-18,64.00752938542398
2024-11-19,63.86387581374364
2024-11-20,63.7771586213148
2024-11-21,63.612578912040526
2024-11-22,63.53842135276203
2024-11-23,63.509315273502345
2024-11-24,63.5615803669112
2024-11-25,63.51078594723963
2024-11-26,63.42331875856024
2024-11-27,63.36484796504767
2024-11-28,63.331391888715046
2024-11-29,63.308578590191935
2024-11-30,63.38489062945668
2024-12-01,63.41807613034449
2024-12-02,63.38034587475938
2024-12-03,63.29045202682288
2024-12-04,63.27929542323784
2024-12-05,63.21744108108168
2024-12-06,63.20668859681388
2024-12-07,63.19474544438808
2024-12-08,63.18424882685851
2024-12-09,63.12912080714797
2024-12-10,63.10618681382294
2024-12-11,62.98351708010635
2024-12-12,63.001772748098645
2024-12-13,62.9419784896607
2024-12-14,62.93001237220984
2024-12-15,62.938797305369576
2024-12-16,62.92120380508517
2024-12-17,62.85755401855316
2024-12-18,62.82151134889729
2024-12-19,62.66038081250052
2024-12-20,62.62985690932057
2024-12-21,62.67384831144281
2024-12-22,62.70041165582922
2024-12-23,62.701472315219405
2024-12-24,62.54506333514424
2024-12-25,62.55294333751442
2024-12-26,62.51780975033967
2024-12-27,62.47301087222871
2024-12-28,62.52331790392434
2024-12-29,62.5386862970034
2024-12-30,62.42612613668131
2024-12-31,62.35602230593797
2025-01-01,62.31311922239754
2025-01-02,62.320509260471525
2025-01-03,62.34417035733237
2025-01-04,62.38178737250989
2025-01-05,62.43240640282488
2025-01-06,62.43140223499012
2025-01-07,62.378814910676645
2025-01-08,62.36393465979215
2025-01-09,62.361071062744685
2025-01-10,62.35759001554856
2025-01-11,62.39004235816392
2025-01-12,62.408379147
2025-01-13,62.403202663237934
2025-01-14,62.38702465207093
2025-01-15,62.344951872999
2025-01-16,62.36141779083587
2025-01-17,62.34943203608668
2025-01-18,62.37393107374727
2025-01-19,62.38604237781996
2025-01-20,62.35742495928096
2025-01-21,62.323666291899805
2025-01-22,62.25530626836575
2025-01-23,62.03499409301336
2025-01-24,62.024923386667865
2025-01-25,62.060758191577
2025-01-26,62.05777073176738
2025-01-27,62.05421310835509
2025-01-28,62.02696633884583
2025-01-29,62.02735942829425
2025-01-30,62.04989044763308
2025-01-31,62.04989044763308
2025-02-01,62.07343659357865
2025-02-02,62.10816579361671
2025-02-03,62.10329630860696
2025-02-04,62.09135286092937
2025-02-05,62.00134870633772
2025-02-06,61.965443192454
2025-02-07,61.975465243137904
2025-02-08,61.996539394988645
2025-02-09,62.006183366959775
2025-02-10,62.008601913812925
2025-02-11,61.97598161941701
2025-02-12,61.96880500059956
2025-02-13,61.99050064105205
2025-02-14,62.00079916865557
2025-02-15,62.00506647228591
2025-02-16,62.01864332114014
2025-02-17,62.04324660665569
2025-02-18,62.03543961849351
2025-02-19,62.0407625194576
2025-02-20,62.06007480122212
2025-02-21,62.12030051227602
2025-02-22,62.26998826307474
2025-02-23,62.32922522639441
2025-02-24,62.39999750158472
2025-02-25,62.33539862461368
2025-02-26,62.295856111332334
2025-02-27,62.30378438352494
2025-02-28,62.31678854023244
2025-03-01,62.37336428155958
2025-03-02,62.42647748988935
2025-03-03,62.48019560147253
2025-03-04,62.486673623026334
2025-03-05,62.51578745086783
2025-03-06,62.561664921289456
2025-03-07,62.61100331068337
2025-03-08,62.70562558700071
2025-03-09,62.76981714875705
2025-03-10,62.74553501428375
2025-03-11,62.71109341434226
2025-03-12,62.73082040340454
2025-03-13,62.797056518457694
2025-03-14,62.81065611372932
2025-03-15,62.85990551577274
2025-03-16,62.88494583148913
2025-03-17,62.95482894048536
2025-03-18,63.35405699769968
2025-03-19,63.37012602616069
2025-03-20,63.51604345608538
2025-03-21,63.581340870224565
2025-03-22,63.59399667991696
2025-03-23,63.660729822846754
2025-03-24,63.676754548967445
2025-03-25,63.6994121317048
2025-03-26,63.68099408335787
2025-03-27,63.78645806888433
2025-03-28,63.711406162243854
2025-03-29,63.72258748666761
2025-03-30,63.73680946880704
2025-03-31,63.725690074922895
2025-04-01,63.74188480083972
2025-04-02,63.68069174460624
2025-04-03,63.59295826636476
2025-04-04,63.58668130729003
2025-04-05,63.588969186120025
2025-04-06,63.59359180096152
2025-04-07,63.52248841184573
2025-04-08,63.51558919053058
2025-04-09,63.49553713855179
2025-04-10,63.45427599014626
2025-04-11,63.44159865843936
2025-04-12,63.44372339853077
2025-04-13,63.55248736944208
2025-04-14,63.597450142665856
2025-04-15,63.58525384333524
2025-04-16,63.56464613134121
2025-04-17,63.5720519548881
2025-04-18,63.57591744513457
2025-04-19,63.59141292272487
2025-04-20,63.59558453222612
2025-04-21,63.58279444887484
2025-04-22,63.55766211900335
2025-04-23,63.5228214504304
2025-04-24,63.49039046938863
2025-04-25,63.43013197716961
2025-04-26,63.43021265175824
2025-04-27,63.50371652938584
2025-04-28,63.450557839356165
2025-04-29,63.394642998077074
2025-04-30,63.35955197028796
2025-05-01,63.32305281194954
2025-05-02,63.2757038886993
2025-05-03,63.27725877450792
2025-05-04,63.28584243537156
2025-05-05,63.18635342158522
2025-05-06,63.18635342158522
2025-05-07,63.04792750174068
2025-05-08,62.99065220939832
2025-05-09,62.94620031601654
2025-05-10,63.013476120229335
2025-05-11,63.02499997977588
2025-05-12,63.01383274467093
2025-05-13,62.93245217701112
2025-05-14,62.90802971289369
2025-05-15,62.84460227054049
2025-05-16,62.82939256136765
2025-05-17,62.83354108313021
2025-05-18,62.86319779222561
2025-05-19,62.77448793449173
2025-05-20,62.67944095236025
2025-05-21,62.6011835117642
2025-05-22,62.576735125125325
2025-05-23,62.5543285651964
2025-05-24,62.55114490531541
2025-05-25,62.55123926639839
2025-05-26,62.45838069569013
2025-05-27,62.285133434908325
2025-05-28,62.255745451934914
2025-05-29,62.19538238648343
2025-05-30,62.2034529201978
2025-05-31,62.20836270297941
2025-06-01,62.38634791984563
2025-06-02,62.40903194493122
2025-06-03,62.41066369013714
2025-06-04,62.3426369836391
2025-06-05,62.34005869943534
2025-06-06,62.348224218945845
2025-06-07,62.36630733873979
2025-06-08,62.36369014767239
2025-06-09,62.37031909658906
2025-06-10,62.34408178870105
2025-06-11,62.336632200478135
2025-06-12,62.39718724037178
2025-06-13,62.33261822456497
2025-06-14,62.34328354101885
2025-06-15,62.336794747625525
2025-06-16,62.23519899904652
2025-06-17,62.43568522964053
2025-06-18,62.410547345173285
2025-06-19,62.425574258022
2025-06-20,62.44310348898952
2025-06-21,62.44005289036319
2025-06-22,62.67895634538012
2025-06-23,62.65043978209368
2025-06-24,62.61797633981935
2025-06-25,62.5766119803067
2025-06-26,62.50094951589479
2025-06-27,62.39562326454769
2025-06-28,62.40938447294578
2025-06-29,62.46742008565423
2025-06-30,62.582045804620414
2025-07-01,62.61368857527803
2025-07-02,62.59610209194622
2025-07-03,62.55129448631292
2025-07-04,62.20928638432701
2025-07-05,62.22073960072625
2025-07-06,62.22273290064589
2025-07-07,62.20960182054657
2025-07-08,62.13747018818354
2025-07-09,62.04728416441993
2025-07-10,62.031204322803326
2025-07-11,62.031204322803326
2025-07-12,61.915176193848325
2025-07-13,61.89962963831566
2025-07-14,61.95358696702319
2025-07-15,61.89911483274508
2025-07-16,61.84952858324744
2025-07-17,61.78146421428783
2025-07-18,61.8919088655517
2025-07-19,61.849683744122565
2025-07-20,61.910470525212354
2025-07-21,61.90363087177444
2025-07-22,61.82119597394957
2025-07-23,61.75449117302789
2025-07-24,61.73661070221876
2025-07-25,61.64089269724615
2025-07-26,61.63267001266704
2025-07-27,61.64401227506071
2025-07-28,61.62618495786073
2025-07-29,61.57516860731555
2025-07-30,61.52690893580584
2025-07-31,61.605457282718255
2025-08-01,61.60428120495219
2025-08-02,61.639728687795305
2025-08-03,61.65505242505738
2025-08-04,61.70079820072001
2025-08-05,61.664540968379264
2025-08-06,61.68944634773944
2025-08-07,61.65091009410392
2025-08-08,61.65172848963976
2025-08-09,61.65318509721152
2025-08-10,61.67061985997299
2025-08-11,61.66213770986873
2025-08-12,61.65185972912104
2025-08-13,61.63622777243175
2025-08-14,61.62652282589103
2025-08-15,61.63572665701688
2025-08-16,61.48936789263709
2025-08-17,61.5047891309602
2025-08-18,61.52227816567535
2025-08-19,61.48560787344722
2025-08-20,61.46144955733991
2025-08-21,61.44054230492622
2025-08-22,61.43014322194063
2025-08-23,61.44154905993047
2025-08-24,61.482195462823896
2025-08-25,61.46498748870005
2025-08-26,61.452299264217565
2025-08-27,61.43788771435659
2025-08-28,61.44825680303029
2025-08-29,61.17802025686981
2025-08-30,61.17759296281053
2025-08-31,61.17331067053591
2025-09-01,61.227017897425945
2025-09-02,61.22010558927352
2025-09-03,61.20271230433772
2025-09-04,61.16992006018107
2025-09-05,61.072704911692135
2025-09-06,61.07291812891221
2025-09-07,61.08210290001046
2025-09-08,61.07614176791491
2025-09-09,61.06096307966607
2025-09-10,61.0499805534283
2025-09-11,61.03391582117376
2025-09-12,61.039433628369295
2025-09-13,61.046494738802174
2025-09-14,61.06383376340865
2025-09-15,61.06010682154692
2025-09-16,61.06481940959934
2025-09-17,61.02255881809013
2025-09-18,61.02115226638805
2025-09-19,60.94140988104186
2025-09-20,61.0421536964967
2025-09-21,61.06170445498147
2025-09-22,61.06394433898917
2025-09-23,61.0104998167274
2025-09-24,60.96728920843215
2025-09-25,60.92244483932336
2025-09-26,60.89893366965089
2025-09-27,60.900220616933005
2025-09-28,60.89769570216651
2025-09-29,60.8832740231054
2025-09-30,60.831520625420055
2025-10-01,60.801223825824096
2025-10-02,60.86583599694557
2025-10-03,61.42221758919812
2025-10-04,61.69323140993834
2025-10-05,61.797276846305785
2025-10-06,61.90993210390969
2025-10-07,61.745861184477285
2025-10-08,61.708830302300434
2025-10-09,61.7033022817487
2025-10-10,61.754073588824255
2025-10-11,61.741356257769496
2025-10-12,61.75134375635293
2025-10-13,61.75767826721457
2025-10-14,61.55428001446558
2025-10-15,61.45863199545317
2025-10-16,61.61996253814452
2025-10-17,61.56962159460527
2025-10-18,61.570689297026895
2025-10-19,61.58548255061692
2025-10-20,61.58186012940888
2025-10-21,61.56266363778924
2025-10-22,61.44404836957326
2025-10-23,61.42550104444175
2025-10-24,61.42735394885188
2025-10-25,61.44661567539676
2025-10-26,61.43901958313162
2025-10-27,61.399730023788926
2025-10-28,61.30559805428906
2025-10-29,61.21516157875626
2025-10-30,61.10874227893748
2025-10-31,61.14805335367256
2025-11-01,61.197342466427145
2025-11-02,61.23497842986298
2025-11-03,61.20140295634015
2025-11-04,61.1508892128846
2025-11-05,61.14328547396645
2025-11-06,61.203883768756086
2025-11-07,61.06692955874567
2025-11-08,61.122116864306975
2025-11-09,61.26646382462275
2025-11-10,61.28243518300571
2025-11-11,61.27579876703388
2025-11-12,61.26093207448808
2025-11-13,61.273089611388
2025-11-14,61.26678741161528
2025-11-15,61.3319633738066
2025-11-16,61.406877323386745
2025-11-17,61.46325946965409
2025-11-18,61.35524860406764
2025-11-19,61.434463558024376
2025-11-20,61.42253674816232
2025-11-21,61.45199116761304
2025-11-22,59.675655449334535
2025-11-23,58.87100353400992
2025-11-24,58.84759438320031
2025-11-25,58.8332319417144
2025-11-26,58.60520912359721
2025-11-27,58.67094644511687
2025-11-28,58.69490280119509
2025-11-29,58.73131830718528
2025-11-30,58.89481749011873
2025-12-01,58.92897429977225
2025-12-02,58.93861111081416
2025-12-03,58.78552836160605
2025-12-04,58.81966227031016
2025-12-05,58.815489462325694
2025-12-06,58.890734373540894
2025-12-07,59.03117568503256
2025-12-08,59.024886624393474
2025-12-09,58.98339046809892
2025-12-10,58.81687055820425
2025-12-11,58.92943766085341
2025-12-12,59.0894116213245
2025-12-13,59.10616752383181
2025-12-14,59.16338352261905
2025-12-15,59.2207001797992
2025-12-16,59.16843604326703
2025-12-17,59.17178218755805
2025-12-18,59.199404330565386
2025-12-19,59.1711616825477
2025-12-20,59.10519136633774
2025-12-21,59.12243786713466
2025-12-22,59.12370049498484
2025-12-23,59.10693528675889
2025-12-24,59.17255184888244
2025-12-25,59.279441654750855
2025-12-26,59.35441186538458
2025-12-27,59.36737616340613
2025-12-28,59.37657766534084
2025-12-29,59.37802296871718
2025-12-30,59.34974398144544
2025-12-31,59.294929012927646
2026-01-01,59.22925425032688
2026-01-02,59.37696715872973
2026-01-03,59.40527528287935
2026-01-04,59.42318179829547
2026-01-05,59.42815857376132
2026-01-06,59.433619217793485
2026-01-07,59.20053568885918
2026-01-08,59.1907554330659
2026-01-09,59.20053708566103
2026-01-10,59.22911945269938
2026-01-11,59.25340000970288
2026-01-12,59.25410669780889
2026-01-13,59.22075207157721
2026-01-14,59.2065651053198
2026-01-15,59.22046554088182
2026-01-16,59.239396545232765
2026-01-17,59.27370694061072
2026-01-18,59.304408439097706
2026-01-19,59.31507005564971
2026-01-20,59.30546240953423
2026-01-21,59.30517981169998
2026-01-22,59.32264474565344
2026-01-23,59.32007833952121
2026-01-24,59.33267486250961
2026-01-25,59.34374924864538
2026-01-26,59.366428319277134
2026-01-27,59.36072767259448
2026-01-28,59.36280098486232
2026-01-29,59.471545142719386
2026-01-30,59.492807292842016
2026-01-31,59.51148533771563
2026-02-01,59.48886880758997
2026-02-02,59.47512802514537
2026-02-03,59.449693383033065
2026-02-04,59.42173161998312
2026-02-05,59.332569017189066
2026-02-06,59.274887662755326
2026-02-07,59.30667597393927
2026-02-08,59.311922015216815
2026-02-09,59.309917909384446
2026-02-10,59.28231834082023
2026-02-11,59.27341345041619
2026-02-12,59.26488314711407
2026-02-13,59.24726159787711
2026-02-14,59.25666866540234
2026-02-15,59.29658381063855
2026-02-16,59.31155818646424
2026-02-17,59.3053678532338
2026-02-18,59.27644742668092
2026-02-19,59.2800984137672
2026-02-20,59.333295763568216
2026-02-21,59.34349117378834
2026-02-22,59.394346536876505
2026-02-23,59.43563574464084
2026-02-24,59.409654077332846
2026-02-25,59.40706053934469
2026-02-26,59.42332330408498
2026-02-27,59.43471312186812
2026-02-28,59.44457685512713
2026-03-01,59.46936735394172
2026-03-02,59.47416937944874
2026-03-03,59.47667785609764
2026-03-04,59.485140579763794
2026-03-05,59.548336919891526
2026-03-06,59.53990953799666
2026-03-07,59.60160831940757
2026-03-08,59.67108356241308
2026-03-09,59.6665461177949
2026-03-10,59.66014608753156
2026-03-11,59.658644907093525
2026-03-12,59.63764893399947
2026-03-13,59.64013332543148
2026-03-14,59.6606864458781
2026-03-15,59.68288359806051
2026-03-16,59.66055385898949
2026-03-17,59.64736519325613
2026-03-18,59.6465109907677
2026-03-19,59.64728073572709
2026-03-20,59.644634440892
2026-03-21,59.65343065249361
2026-03-22,59.588521042675
2026-03-23,59.65512282344402
2026-03-24,59.7265027395234
2026-03-25,59.72321923437857
2026-03-26,59.71919553639798
2026-03-27,59.72943751458149
2026-03-28,59.83284254369828
2026-03-29,59.89353390102799
2026-03-30,59.96237908161931
2026-03-31,59.89435456479015
2026-04-01,59.91058084845169
2026-04-02,59.93009054871622
2026-04-03,59.93713398331912
2026-04-04,59.971288306437685
2026-04-05,60.00406414977049
2026-04-06,60.01531243475023
2026-04-07,60.0020855123762
2026-04-08,59.994444514018376
2026-04-09,59.98139121412903
2026-04-10,59.97695578098567
2026-04-11,60.00004418683697
2026-04-12,60.01224635530788
2026-04-13,60.002365855163326
2026-04-14,59.92906440664698
2026-04-15,59.92247947609431
2026-04-16,59.88618664724378
2026-04-17,59.92504838850473
2026-04-18,59.988047136221965
2026-04-19,60.02059362808311
2026-04-20,60.05830957905408
2026-04-21,59.98681881380184
2026-04-22,59.94013458165624
2026-04-23,59.95348137748119
2026-04-24,59.92593531180188
2026-04-25,59.94276734577036
2026-04-26,59.96921904352821
2026-04-27,60.04872541311193
2026-04-28,60.10474541733788
2026-04-29,60.10021788021147
2026-04-30,60.11040611021348
2026-05-01,60.10944408724749
2026-05-02,60.13394065037927
2026-05-03,60.15149543409161
2026-05-04,60.09607907204372
2026-05-05,60.09103571672631
2026-05-06,60.084587930729626
2026-05-07,60.09733452108717
2026-05-08,60.11785724729333
2026-05-09,60.1335713739837
2026-05-10,60.190468279963405
2026-05-11,60.21630661102191
2026-05-12,60.21429284593068
2026-05-13,60.21502247765674
2026-05-14,60.249873216825954
2026-05-15,60.3277754462852
2026-05-16,60.37576526111244
2026-05-17,60.48083182840942
2026-05-18,60.59313535082828
2026-05-19,60.60778938788306
2026-05-20,60.61169079126092
2026-05-21,60.6324134302972
2026-05-22,60.69061460802834
2026-05-23,60.73119870243042
2026-05-24,60.73823628893474
2026-05-25,60.8109129757653
2026-05-26,60.78058431331747
2026-05-27,60.76405324699917
2026-05-28,60.77248380512607
2026-05-29,61.41197089750748
2026-05-30,61.450000562676685
2026-05-31,61.46861993434848
2026-06-01,61.458834575863975
2026-06-02,61.44485254944052
2026-06-03,61.436553370120656
2026-06-04,61.43406563079117
2026-06-05,61.44620781778827
2026-06-06,61.48615110715858
2026-06-07,61.50681970899685
2026-06-08,61.539027501724135
2026-06-09,61.52203605958498
2026-06-10,61.52024548379388
2026-06-11,61.52508875655476
2026-06-12,61.54628184659184
2026-06-13,61.60111007840564
2026-06-14,61.61598596359534
2026-06-15,61.634423669204686
2026-06-16,61.59386378492242
2026-06-17,61.60015525727135
2026-06-18,61.6279395753764
2026-06-19,61.67588874070175
2026-06-20,61.75067499823387
2026-06-21,61.74548636260389
2026-06-22,61.777487091652446
2026-06-23,61.64270629650678
2026-06-24,61.72121724160679
2026-06-25,61.814840131651856
2026-06-26,61.837504883336685
2026-06-27,61.84603748360593
2026-06-28,61.90018041580293
2026-06-29,61.89699581035793
2026-06-30,61.863905873849646
2026-07-01,61.82871830796442
2026-07-02,61.79802689007861
2026-07-03,61.85661088239013
2026-07-04,61.91892755425643
2026-07-05,61.94592674047672
2026-07-06,61.93471573702376
2026-07-07,62.03178019162146
2026-07-08,62.04295577309545
2026-07-09,62.14754547548816
2026-07-10,62.227485372093646
2026-07-11,62.33295907801283
2026-07-12,62.47666100868551
2026-07-13,62.56869361258887
2026-07-14,62.560732328231055
2026-07-15,62.51016184501863
2026-07-16,62.48899314291062
2026-07-17,62.67431362608352
2026-07-18,62.65607974184808
2026-07-19,62.59632274277138
2026-07-20,62.70053245369396
2026-07-21,62.70053245369396
2026-07-22,62.60557654570347
2026-07-24,62.538404172285816
2026-07-25,62.3720114609645
2026-07-26,62.37549770758926
2026-07-27,62.312615547310415
2026-07-28,62.32065827332431
2026-07-29,62.11125469134296
2026-07-30,61.90448584028497
2026-07-31,61.6967822211049
2026-08-01,61.61639829228259
2026-08-02,61.582394086621846
2026-08-03,61.55372889685711
2026-08-04,61.47159175421274
2026-08-05,61.41129109396604
2026-08-06,61.28155246540286
2026-08-07,61.239812222741406
2026-08-08,61.27023470933057
2026-08-09,61.31011330417852
2026-08-10,61.33099451648038
2026-08-11,61.33522480535672
2026-08-12,61.33522480535672
2026-08-13,61.33522480535672
2026-08-14,61.45580575146336
2026-08-15,61.2929641851076
2026-08-16,61.29078818873016
2026-08-17,61.1887480783904
2026-08-18,61.17098716944976
2026-08-19,61.14797647901505
2026-08-20,60.96802905694184
2026-08-21,60.88665172024321
2026-08-22,60.92367542976483
2026-08-23,60.86080428513756
2026-08-24,60.96526307978205
2026-08-25,60.96526307978205
2026-08-26,60.96526307978205
2026-08-27,60.96526307978205
2026-08-28,60.96526307978205
2026-08-29,61.13698758442785
2026-08-30,61.117404463981096
